GEOID,NAME,variable,estimate,moe,Hispanic_or_Latino,Two_or_more,Including_other_race,zip_pop,prop_His_Lat,prop_Two_more,prop_incl_other,prop_His_Lat_Two_more,prop_His_Lat_incl_other,prop_Two_more_incl_other,prop_His_Lat_Two_more_incl_other
60601,ZCTA5 60601,B03002_010,0,17,No,Two or more races,Including,250,1,1,0,1,0,0,0
60601,ZCTA5 60601,B03002_011,250,346,No,Two or more races,Excluding,250,1,1,1,1,1,1,1
60601,ZCTA5 60601,B03002_020,0,17,Yes,Two or more races,Including,250,0,1,0,0,0,0,0
60601,ZCTA5 60601,B03002_021,0,17,Yes,Two or more races,Excluding,250,0,1,1,0,0,1,0
60602,ZCTA5 60602,B03002_010,0,11,No,Two or more races,Including,41,0.5121951219512195,1,0,0.5121951219512195,0,0,0
60602,ZCTA5 60602,B03002_011,21,31,No,Two or more races,Excluding,41,0.5121951219512195,1,1,0.5121951219512195,0.5121951219512195,1,0.5121951219512195
60602,ZCTA5 60602,B03002_020,0,11,Yes,Two or more races,Including,41,0.4878048780487805,1,0,0.4878048780487805,0,0,0
60602,ZCTA5 60602,B03002_021,20,34,Yes,Two or more races,Excluding,41,0.4878048780487805,1,1,0.4878048780487805,0.4878048780487805,1,0.4878048780487805
60603,ZCTA5 60603,B03002_010,0,11,No,Two or more races,Including,67,0.26865671641791045,1,0,0.26865671641791045,0,0,0
60603,ZCTA5 60603,B03002_011,18,25,No,Two or more races,Excluding,67,0.26865671641791045,1,1,0.26865671641791045,0.26865671641791045,1,0.26865671641791045
60603,ZCTA5 60603,B03002_020,0,11,Yes,Two or more races,Including,67,0.7313432835820896,1,0,0.7313432835820896,0,0,0
60603,ZCTA5 60603,B03002_021,49,73,Yes,Two or more races,Excluding,67,0.7313432835820896,1,1,0.7313432835820896,0.7313432835820896,1,0.7313432835820896
60604,ZCTA5 60604,B03002_010,0,11,No,Two or more races,Including,10,0,1,0,0,0,0,0
60604,ZCTA5 60604,B03002_011,0,11,No,Two or more races,Excluding,10,0,1,1,0,0,1,0
60604,ZCTA5 60604,B03002_020,0,11,Yes,Two or more races,Including,10,1,1,0,1,0,0,0
60604,ZCTA5 60604,B03002_021,10,15,Yes,Two or more races,Excluding,10,1,1,1,1,1,1,1
60605,ZCTA5 60605,B03002_010,139,172,No,Two or more races,Including,1108,0.9151624548736462,1,0.1723826714801444,0.9151624548736462,0.12545126353790614,0.1723826714801444,0.12545126353790614
60605,ZCTA5 60605,B03002_011,875,271,No,Two or more races,Excluding,1108,0.9151624548736462,1,0.8276173285198556,0.9151624548736462,0.7897111913357401,0.8276173285198556,0.7897111913357401
60605,ZCTA5 60605,B03002_020,52,55,Yes,Two or more races,Including,1108,0.08483754512635379,1,0.1723826714801444,0.08483754512635379,0.04693140794223827,0.1723826714801444,0.04693140794223827
60605,ZCTA5 60605,B03002_021,42,43,Yes,Two or more races,Excluding,1108,0.08483754512635379,1,0.8276173285198556,0.08483754512635379,0.03790613718411552,0.8276173285198556,0.03790613718411552
60606,ZCTA5 60606,B03002_010,32,38,No,Two or more races,Including,186,0.6344086021505376,1,0.5376344086021505,0.6344086021505376,0.17204301075268819,0.5376344086021505,0.17204301075268819
60606,ZCTA5 60606,B03002_011,86,55,No,Two or more races,Excluding,186,0.6344086021505376,1,0.46236559139784944,0.6344086021505376,0.46236559139784944,0.46236559139784944,0.46236559139784944
60606,ZCTA5 60606,B03002_020,68,91,Yes,Two or more races,Including,186,0.3655913978494624,1,0.5376344086021505,0.3655913978494624,0.3655913978494624,0.5376344086021505,0.3655913978494624
60606,ZCTA5 60606,B03002_021,0,11,Yes,Two or more races,Excluding,186,0.3655913978494624,1,0.46236559139784944,0.3655913978494624,0,0.46236559139784944,0
60607,ZCTA5 60607,B03002_010,48,40,No,Two or more races,Including,919,0.7845484221980413,1,0.14145810663764963,0.7845484221980413,0.05223068552774755,0.14145810663764963,0.05223068552774755
60607,ZCTA5 60607,B03002_011,673,222,No,Two or more races,Excluding,919,0.7845484221980413,1,0.8585418933623504,0.7845484221980413,0.7323177366702938,0.8585418933623504,0.7323177366702938
60607,ZCTA5 60607,B03002_020,82,74,Yes,Two or more races,Including,919,0.21545157780195864,1,0.14145810663764963,0.21545157780195864,0.08922742110990206,0.14145810663764963,0.08922742110990206
60607,ZCTA5 60607,B03002_021,116,86,Yes,Two or more races,Excluding,919,0.21545157780195864,1,0.8585418933623504,0.21545157780195864,0.12622415669205658,0.8585418933623504,0.12622415669205658
60608,ZCTA5 60608,B03002_010,0,26,No,Two or more races,Including,1624,0.3516009852216749,1,0.3626847290640394,0.3516009852216749,0,0.3626847290640394,0
60608,ZCTA5 60608,B03002_011,571,180,No,Two or more races,Excluding,1624,0.3516009852216749,1,0.6373152709359606,0.3516009852216749,0.3516009852216749,0.6373152709359606,0.3516009852216749
60608,ZCTA5 60608,B03002_020,589,210,Yes,Two or more races,Including,1624,0.6483990147783252,1,0.3626847290640394,0.6483990147783252,0.3626847290640394,0.3626847290640394,0.3626847290640394
60608,ZCTA5 60608,B03002_021,464,226,Yes,Two or more races,Excluding,1624,0.6483990147783252,1,0.6373152709359606,0.6483990147783252,0.2857142857142857,0.6373152709359606,0.2857142857142857
60609,ZCTA5 60609,B03002_010,20,25,No,Two or more races,Including,1441,0.4163775156141568,1,0.31158917418459403,0.4163775156141568,0.013879250520471894,0.31158917418459403,0.013879250520471894
60609,ZCTA5 60609,B03002_011,580,202,No,Two or more races,Excluding,1441,0.4163775156141568,1,0.6884108258154059,0.4163775156141568,0.4024982650936849,0.6884108258154059,0.4024982650936849
60609,ZCTA5 60609,B03002_020,429,194,Yes,Two or more races,Including,1441,0.5836224843858432,1,0.31158917418459403,0.5836224843858432,0.29770992366412213,0.31158917418459403,0.29770992366412213
60609,ZCTA5 60609,B03002_021,412,181,Yes,Two or more races,Excluding,1441,0.5836224843858432,1,0.6884108258154059,0.5836224843858432,0.28591256072172105,0.6884108258154059,0.28591256072172105
60610,ZCTA5 60610,B03002_010,33,35,No,Two or more races,Including,744,0.8360215053763441,1,0.08602150537634409,0.8360215053763441,0.04435483870967742,0.08602150537634409,0.04435483870967742
60610,ZCTA5 60610,B03002_011,589,233,No,Two or more races,Excluding,744,0.8360215053763441,1,0.9139784946236559,0.8360215053763441,0.7916666666666666,0.9139784946236559,0.7916666666666666
60610,ZCTA5 60610,B03002_020,31,41,Yes,Two or more races,Including,744,0.1639784946236559,1,0.08602150537634409,0.1639784946236559,0.041666666666666664,0.08602150537634409,0.041666666666666664
60610,ZCTA5 60610,B03002_021,91,97,Yes,Two or more races,Excluding,744,0.1639784946236559,1,0.9139784946236559,0.1639784946236559,0.12231182795698925,0.9139784946236559,0.12231182795698925
60611,ZCTA5 60611,B03002_010,37,44,No,Two or more races,Including,794,0.9080604534005038,1,0.060453400503778336,0.9080604534005038,0.04659949622166247,0.060453400503778336,0.04659949622166247
60611,ZCTA5 60611,B03002_011,684,334,No,Two or more races,Excluding,794,0.9080604534005038,1,0.9395465994962217,0.9080604534005038,0.8614609571788413,0.9395465994962217,0.8614609571788413
60611,ZCTA5 60611,B03002_020,11,22,Yes,Two or more races,Including,794,0.09193954659949623,1,0.060453400503778336,0.09193954659949623,0.013853904282115869,0.060453400503778336,0.013853904282115869
60611,ZCTA5 60611,B03002_021,62,40,Yes,Two or more races,Excluding,794,0.09193954659949623,1,0.9395465994962217,0.09193954659949623,0.07808564231738035,0.9395465994962217,0.07808564231738035
60612,ZCTA5 60612,B03002_010,82,71,No,Two or more races,Including,835,0.6994011976047905,1,0.3209580838323353,0.6994011976047905,0.09820359281437126,0.3209580838323353,0.09820359281437126
60612,ZCTA5 60612,B03002_011,502,134,No,Two or more races,Excluding,835,0.6994011976047905,1,0.6790419161676646,0.6994011976047905,0.6011976047904192,0.6790419161676646,0.6011976047904192
60612,ZCTA5 60612,B03002_020,186,118,Yes,Two or more races,Including,835,0.3005988023952096,1,0.3209580838323353,0.3005988023952096,0.22275449101796407,0.3209580838323353,0.22275449101796407
60612,ZCTA5 60612,B03002_021,65,55,Yes,Two or more races,Excluding,835,0.3005988023952096,1,0.6790419161676646,0.3005988023952096,0.07784431137724551,0.6790419161676646,0.07784431137724551
60613,ZCTA5 60613,B03002_010,89,73,No,Two or more races,Including,1748,0.8209382151029748,1,0.15045766590389015,0.8209382151029748,0.05091533180778032,0.15045766590389015,0.05091533180778032
60613,ZCTA5 60613,B03002_011,1346,384,No,Two or more races,Excluding,1748,0.8209382151029748,1,0.8495423340961098,0.8209382151029748,0.7700228832951945,0.8495423340961098,0.7700228832951945
60613,ZCTA5 60613,B03002_020,174,145,Yes,Two or more races,Including,1748,0.17906178489702518,1,0.15045766590389015,0.17906178489702518,0.09954233409610984,0.15045766590389015,0.09954233409610984
60613,ZCTA5 60613,B03002_021,139,68,Yes,Two or more races,Excluding,1748,0.17906178489702518,1,0.8495423340961098,0.17906178489702518,0.07951945080091533,0.8495423340961098,0.07951945080091533
60614,ZCTA5 60614,B03002_010,113,58,No,Two or more races,Including,2200,0.925,1,0.08409090909090909,0.925,0.05136363636363636,0.08409090909090909,0.05136363636363636
60614,ZCTA5 60614,B03002_011,1922,415,No,Two or more races,Excluding,2200,0.925,1,0.9159090909090909,0.925,0.8736363636363637,0.9159090909090909,0.8736363636363637
60614,ZCTA5 60614,B03002_020,72,44,Yes,Two or more races,Including,2200,0.075,1,0.08409090909090909,0.075,0.03272727272727273,0.08409090909090909,0.03272727272727273
60614,ZCTA5 60614,B03002_021,93,57,Yes,Two or more races,Excluding,2200,0.075,1,0.9159090909090909,0.075,0.042272727272727274,0.9159090909090909,0.042272727272727274
60615,ZCTA5 60615,B03002_010,127,101,No,Two or more races,Including,1805,0.9218836565096953,1,0.12631578947368421,0.9218836565096953,0.0703601108033241,0.12631578947368421,0.0703601108033241
60615,ZCTA5 60615,B03002_011,1537,294,No,Two or more races,Excluding,1805,0.9218836565096953,1,0.8736842105263158,0.9218836565096953,0.8515235457063712,0.8736842105263158,0.8515235457063712
60615,ZCTA5 60615,B03002_020,101,78,Yes,Two or more races,Including,1805,0.0781163434903047,1,0.12631578947368421,0.0781163434903047,0.05595567867036011,0.12631578947368421,0.05595567867036011
60615,ZCTA5 60615,B03002_021,40,32,Yes,Two or more races,Excluding,1805,0.0781163434903047,1,0.8736842105263158,0.0781163434903047,0.0221606648199446,0.8736842105263158,0.0221606648199446
60616,ZCTA5 60616,B03002_010,157,156,No,Two or more races,Including,1149,0.9208006962576153,1,0.1453437771975631,0.9208006962576153,0.13664055700609226,0.1453437771975631,0.13664055700609226
60616,ZCTA5 60616,B03002_011,901,317,No,Two or more races,Excluding,1149,0.9208006962576153,1,0.8546562228024369,0.9208006962576153,0.7841601392515231,0.8546562228024369,0.7841601392515231
60616,ZCTA5 60616,B03002_020,10,17,Yes,Two or more races,Including,1149,0.07919930374238468,1,0.1453437771975631,0.07919930374238468,0.008703220191470844,0.1453437771975631,0.008703220191470844
60616,ZCTA5 60616,B03002_021,81,84,Yes,Two or more races,Excluding,1149,0.07919930374238468,1,0.8546562228024369,0.07919930374238468,0.07049608355091384,0.8546562228024369,0.07049608355091384
60617,ZCTA5 60617,B03002_010,10,12,No,Two or more races,Including,1311,0.22730739893211288,1,0.5720823798627003,0.22730739893211288,0.007627765064836003,0.5720823798627003,0.007627765064836003
60617,ZCTA5 60617,B03002_011,288,146,No,Two or more races,Excluding,1311,0.22730739893211288,1,0.4279176201372998,0.22730739893211288,0.21967963386727687,0.4279176201372998,0.21967963386727687
60617,ZCTA5 60617,B03002_020,740,308,Yes,Two or more races,Including,1311,0.7726926010678871,1,0.5720823798627003,0.7726926010678871,0.5644546147978642,0.5720823798627003,0.5644546147978642
60617,ZCTA5 60617,B03002_021,273,136,Yes,Two or more races,Excluding,1311,0.7726926010678871,1,0.4279176201372998,0.7726926010678871,0.20823798627002288,0.4279176201372998,0.20823798627002288
60618,ZCTA5 60618,B03002_010,69,70,No,Two or more races,Including,3725,0.6928859060402685,1,0.1991946308724832,0.6928859060402685,0.018523489932885905,0.1991946308724832,0.018523489932885905
60618,ZCTA5 60618,B03002_011,2512,461,No,Two or more races,Excluding,3725,0.6928859060402685,1,0.8008053691275168,0.6928859060402685,0.6743624161073826,0.8008053691275168,0.6743624161073826
60618,ZCTA5 60618,B03002_020,673,240,Yes,Two or more races,Including,3725,0.30711409395973155,1,0.1991946308724832,0.30711409395973155,0.18067114093959732,0.1991946308724832,0.18067114093959732
60618,ZCTA5 60618,B03002_021,471,203,Yes,Two or more races,Excluding,3725,0.30711409395973155,1,0.8008053691275168,0.30711409395973155,0.12644295302013422,0.8008053691275168,0.12644295302013422
60619,ZCTA5 60619,B03002_010,0,26,No,Two or more races,Including,900,0.6855555555555556,1,0.15222222222222223,0.6855555555555556,0,0.15222222222222223,0
60619,ZCTA5 60619,B03002_011,617,219,No,Two or more races,Excluding,900,0.6855555555555556,1,0.8477777777777777,0.6855555555555556,0.6855555555555556,0.8477777777777777,0.6855555555555556
60619,ZCTA5 60619,B03002_020,137,134,Yes,Two or more races,Including,900,0.31444444444444447,1,0.15222222222222223,0.31444444444444447,0.15222222222222223,0.15222222222222223,0.15222222222222223
60619,ZCTA5 60619,B03002_021,146,164,Yes,Two or more races,Excluding,900,0.31444444444444447,1,0.8477777777777777,0.31444444444444447,0.1622222222222222,0.8477777777777777,0.1622222222222222
60620,ZCTA5 60620,B03002_010,8,19,No,Two or more races,Including,560,0.7196428571428571,1,0.21607142857142858,0.7196428571428571,0.014285714285714285,0.21607142857142858,0.014285714285714285
60620,ZCTA5 60620,B03002_011,395,143,No,Two or more races,Excluding,560,0.7196428571428571,1,0.7839285714285714,0.7196428571428571,0.7053571428571429,0.7839285714285714,0.7053571428571429
60620,ZCTA5 60620,B03002_020,113,105,Yes,Two or more races,Including,560,0.28035714285714286,1,0.21607142857142858,0.28035714285714286,0.2017857142857143,0.21607142857142858,0.2017857142857143
60620,ZCTA5 60620,B03002_021,44,45,Yes,Two or more races,Excluding,560,0.28035714285714286,1,0.7839285714285714,0.28035714285714286,0.07857142857142857,0.7839285714285714,0.07857142857142857
60621,ZCTA5 60621,B03002_010,0,20,No,Two or more races,Including,127,0.7952755905511811,1,0.15748031496062992,0.7952755905511811,0,0.15748031496062992,0
60621,ZCTA5 60621,B03002_011,101,63,No,Two or more races,Excluding,127,0.7952755905511811,1,0.84251968503937,0.7952755905511811,0.7952755905511811,0.84251968503937,0.7952755905511811
60621,ZCTA5 60621,B03002_020,20,37,Yes,Two or more races,Including,127,0.2047244094488189,1,0.15748031496062992,0.2047244094488189,0.15748031496062992,0.15748031496062992,0.15748031496062992
60621,ZCTA5 60621,B03002_021,6,9,Yes,Two or more races,Excluding,127,0.2047244094488189,1,0.84251968503937,0.2047244094488189,0.047244094488188976,0.84251968503937,0.047244094488188976
60622,ZCTA5 60622,B03002_010,98,84,No,Two or more races,Including,2053,0.6897223575255723,1,0.2547491475888943,0.6897223575255723,0.047735021919142716,0.2547491475888943,0.047735021919142716
60622,ZCTA5 60622,B03002_011,1318,269,No,Two or more races,Excluding,2053,0.6897223575255723,1,0.7452508524111057,0.6897223575255723,0.6419873356064296,0.7452508524111057,0.6419873356064296
60622,ZCTA5 60622,B03002_020,425,197,Yes,Two or more races,Including,2053,0.3102776424744277,1,0.2547491475888943,0.3102776424744277,0.20701412566975158,0.2547491475888943,0.20701412566975158
60622,ZCTA5 60622,B03002_021,212,113,Yes,Two or more races,Excluding,2053,0.3102776424744277,1,0.7452508524111057,0.3102776424744277,0.10326351680467609,0.7452508524111057,0.10326351680467609
60623,ZCTA5 60623,B03002_010,11,17,No,Two or more races,Including,1077,0.28597957288765086,1,0.2776230269266481,0.28597957288765086,0.01021355617455896,0.2776230269266481,0.01021355617455896
60623,ZCTA5 60623,B03002_011,297,142,No,Two or more races,Excluding,1077,0.28597957288765086,1,0.7223769730733519,0.28597957288765086,0.2757660167130919,0.7223769730733519,0.2757660167130919
60623,ZCTA5 60623,B03002_020,288,158,Yes,Two or more races,Including,1077,0.7140204271123491,1,0.2776230269266481,0.7140204271123491,0.26740947075208915,0.2776230269266481,0.26740947075208915
60623,ZCTA5 60623,B03002_021,481,192,Yes,Two or more races,Excluding,1077,0.7140204271123491,1,0.7223769730733519,0.7140204271123491,0.44661095636026,0.7223769730733519,0.44661095636026
60624,ZCTA5 60624,B03002_010,0,23,No,Two or more races,Including,403,0.8535980148883374,1,0.12655086848635236,0.8535980148883374,0,0.12655086848635236,0
60624,ZCTA5 60624,B03002_011,344,182,No,Two or more races,Excluding,403,0.8535980148883374,1,0.8734491315136477,0.8535980148883374,0.8535980148883374,0.8734491315136477,0.8535980148883374
60624,ZCTA5 60624,B03002_020,51,58,Yes,Two or more races,Including,403,0.14640198511166252,1,0.12655086848635236,0.14640198511166252,0.12655086848635236,0.12655086848635236,0.12655086848635236
60624,ZCTA5 60624,B03002_021,8,10,Yes,Two or more races,Excluding,403,0.14640198511166252,1,0.8734491315136477,0.14640198511166252,0.019851116625310174,0.8734491315136477,0.019851116625310174
60625,ZCTA5 60625,B03002_010,203,127,No,Two or more races,Including,4262,0.6940403566400751,1,0.21938057250117315,0.6940403566400751,0.047630220553730646,0.21938057250117315,0.047630220553730646
60625,ZCTA5 60625,B03002_011,2755,608,No,Two or more races,Excluding,4262,0.6940403566400751,1,0.7806194274988268,0.6940403566400751,0.6464101360863445,0.7806194274988268,0.6464101360863445
60625,ZCTA5 60625,B03002_020,732,269,Yes,Two or more races,Including,4262,0.3059596433599249,1,0.21938057250117315,0.3059596433599249,0.1717503519474425,0.21938057250117315,0.1717503519474425
60625,ZCTA5 60625,B03002_021,572,259,Yes,Two or more races,Excluding,4262,0.3059596433599249,1,0.7806194274988268,0.3059596433599249,0.1342092914124824,0.7806194274988268,0.1342092914124824
60626,ZCTA5 60626,B03002_010,106,115,No,Two or more races,Including,1716,0.8135198135198135,1,0.12703962703962704,0.8135198135198135,0.06177156177156177,0.12703962703962704,0.06177156177156177
60626,ZCTA5 60626,B03002_011,1290,266,No,Two or more races,Excluding,1716,0.8135198135198135,1,0.872960372960373,0.8135198135198135,0.7517482517482518,0.872960372960373,0.7517482517482518
60626,ZCTA5 60626,B03002_020,112,72,Yes,Two or more races,Including,1716,0.1864801864801865,1,0.12703962703962704,0.1864801864801865,0.06526806526806526,0.12703962703962704,0.06526806526806526
60626,ZCTA5 60626,B03002_021,208,137,Yes,Two or more races,Excluding,1716,0.1864801864801865,1,0.872960372960373,0.1864801864801865,0.12121212121212122,0.872960372960373,0.12121212121212122
60628,ZCTA5 60628,B03002_010,31,25,No,Two or more races,Including,606,0.9026402640264026,1,0.10561056105610561,0.9026402640264026,0.05115511551155116,0.10561056105610561,0.05115511551155116
60628,ZCTA5 60628,B03002_011,516,200,No,Two or more races,Excluding,606,0.9026402640264026,1,0.8943894389438944,0.9026402640264026,0.8514851485148515,0.8943894389438944,0.8514851485148515
60628,ZCTA5 60628,B03002_020,33,49,Yes,Two or more races,Including,606,0.09735973597359736,1,0.10561056105610561,0.09735973597359736,0.054455445544554455,0.10561056105610561,0.054455445544554455
60628,ZCTA5 60628,B03002_021,26,31,Yes,Two or more races,Excluding,606,0.09735973597359736,1,0.8943894389438944,0.09735973597359736,0.0429042904290429,0.8943894389438944,0.0429042904290429
60629,ZCTA5 60629,B03002_010,88,88,No,Two or more races,Including,2196,0.3674863387978142,1,0.47996357012750457,0.3674863387978142,0.04007285974499089,0.47996357012750457,0.04007285974499089
60629,ZCTA5 60629,B03002_011,719,305,No,Two or more races,Excluding,2196,0.3674863387978142,1,0.5200364298724954,0.3674863387978142,0.3274134790528233,0.5200364298724954,0.3274134790528233
60629,ZCTA5 60629,B03002_020,966,408,Yes,Two or more races,Including,2196,0.6325136612021858,1,0.47996357012750457,0.6325136612021858,0.43989071038251365,0.47996357012750457,0.43989071038251365
60629,ZCTA5 60629,B03002_021,423,203,Yes,Two or more races,Excluding,2196,0.6325136612021858,1,0.5200364298724954,0.6325136612021858,0.19262295081967212,0.5200364298724954,0.19262295081967212
60630,ZCTA5 60630,B03002_010,89,103,No,Two or more races,Including,2968,0.5842318059299192,1,0.28706199460916443,0.5842318059299192,0.029986522911051212,0.28706199460916443,0.029986522911051212
60630,ZCTA5 60630,B03002_011,1645,451,No,Two or more races,Excluding,2968,0.5842318059299192,1,0.7129380053908356,0.5842318059299192,0.5542452830188679,0.7129380053908356,0.5542452830188679
60630,ZCTA5 60630,B03002_020,763,322,Yes,Two or more races,Including,2968,0.41576819407008087,1,0.28706199460916443,0.41576819407008087,0.25707547169811323,0.28706199460916443,0.25707547169811323
60630,ZCTA5 60630,B03002_021,471,320,Yes,Two or more races,Excluding,2968,0.41576819407008087,1,0.7129380053908356,0.41576819407008087,0.15869272237196766,0.7129380053908356,0.15869272237196766
60631,ZCTA5 60631,B03002_010,6,9,No,Two or more races,Including,882,0.7585034013605442,1,0.19387755102040816,0.7585034013605442,0.006802721088435374,0.19387755102040816,0.006802721088435374
60631,ZCTA5 60631,B03002_011,663,233,No,Two or more races,Excluding,882,0.7585034013605442,1,0.8061224489795918,0.7585034013605442,0.7517006802721088,0.8061224489795918,0.7517006802721088
60631,ZCTA5 60631,B03002_020,165,101,Yes,Two or more races,Including,882,0.24149659863945577,1,0.19387755102040816,0.24149659863945577,0.1870748299319728,0.19387755102040816,0.1870748299319728
60631,ZCTA5 60631,B03002_021,48,53,Yes,Two or more races,Excluding,882,0.24149659863945577,1,0.8061224489795918,0.24149659863945577,0.05442176870748299,0.8061224489795918,0.05442176870748299
60632,ZCTA5 60632,B03002_010,24,33,No,Two or more races,Including,2061,0.18825812712275594,1,0.5259582726831635,0.18825812712275594,0.011644832605531296,0.5259582726831635,0.011644832605531296
60632,ZCTA5 60632,B03002_011,364,248,No,Two or more races,Excluding,2061,0.18825812712275594,1,0.47404172731683647,0.18825812712275594,0.17661329451722466,0.47404172731683647,0.17661329451722466
60632,ZCTA5 60632,B03002_020,1060,315,Yes,Two or more races,Including,2061,0.8117418728772441,1,0.5259582726831635,0.8117418728772441,0.5143134400776322,0.5259582726831635,0.5143134400776322
60632,ZCTA5 60632,B03002_021,613,363,Yes,Two or more races,Excluding,2061,0.8117418728772441,1,0.47404172731683647,0.8117418728772441,0.29742843279961184,0.47404172731683647,0.29742843279961184
60633,ZCTA5 60633,B03002_010,0,17,No,Two or more races,Including,101,0.45544554455445546,1,0.5445544554455446,0.45544554455445546,0,0.5445544554455446,0
60633,ZCTA5 60633,B03002_011,46,39,No,Two or more races,Excluding,101,0.45544554455445546,1,0.45544554455445546,0.45544554455445546,0.45544554455445546,0.45544554455445546,0.45544554455445546
60633,ZCTA5 60633,B03002_020,55,61,Yes,Two or more races,Including,101,0.5445544554455446,1,0.5445544554455446,0.5445544554455446,0.5445544554455446,0.5445544554455446,0.5445544554455446
60633,ZCTA5 60633,B03002_021,0,17,Yes,Two or more races,Excluding,101,0.5445544554455446,1,0.45544554455445546,0.5445544554455446,0,0.45544554455445546,0
60634,ZCTA5 60634,B03002_010,0,26,No,Two or more races,Including,1452,0.23415977961432508,1,0.5365013774104683,0.23415977961432508,0,0.5365013774104683,0
60634,ZCTA5 60634,B03002_011,340,123,No,Two or more races,Excluding,1452,0.23415977961432508,1,0.4634986225895317,0.23415977961432508,0.23415977961432508,0.4634986225895317,0.23415977961432508
60634,ZCTA5 60634,B03002_020,779,297,Yes,Two or more races,Including,1452,0.7658402203856749,1,0.5365013774104683,0.7658402203856749,0.5365013774104683,0.5365013774104683,0.5365013774104683
60634,ZCTA5 60634,B03002_021,333,182,Yes,Two or more races,Excluding,1452,0.7658402203856749,1,0.4634986225895317,0.7658402203856749,0.22933884297520662,0.4634986225895317,0.22933884297520662
60636,ZCTA5 60636,B03002_010,0,23,No,Two or more races,Including,495,0.793939393939394,1,0.15757575757575756,0.793939393939394,0,0.15757575757575756,0
60636,ZCTA5 60636,B03002_011,393,199,No,Two or more races,Excluding,495,0.793939393939394,1,0.8424242424242424,0.793939393939394,0.793939393939394,0.8424242424242424,0.793939393939394
60636,ZCTA5 60636,B03002_020,78,65,Yes,Two or more races,Including,495,0.20606060606060606,1,0.15757575757575756,0.20606060606060606,0.15757575757575756,0.15757575757575756,0.15757575757575756
60636,ZCTA5 60636,B03002_021,24,30,Yes,Two or more races,Excluding,495,0.20606060606060606,1,0.8424242424242424,0.20606060606060606,0.048484848484848485,0.8424242424242424,0.048484848484848485
60637,ZCTA5 60637,B03002_010,72,54,No,Two or more races,Including,923,0.9035752979414952,1,0.13217768147345613,0.9035752979414952,0.0780065005417118,0.13217768147345613,0.0780065005417118
60637,ZCTA5 60637,B03002_011,762,210,No,Two or more races,Excluding,923,0.9035752979414952,1,0.8678223185265439,0.9035752979414952,0.8255687973997833,0.8678223185265439,0.8255687973997833
60637,ZCTA5 60637,B03002_020,50,36,Yes,Two or more races,Including,923,0.09642470205850487,1,0.13217768147345613,0.09642470205850487,0.05417118093174431,0.13217768147345613,0.05417118093174431
60637,ZCTA5 60637,B03002_021,39,26,Yes,Two or more races,Excluding,923,0.09642470205850487,1,0.8678223185265439,0.09642470205850487,0.04225352112676056,0.8678223185265439,0.04225352112676056
60638,ZCTA5 60638,B03002_010,54,47,No,Two or more races,Including,2093,0.2881032011466794,1,0.5699952221691352,0.2881032011466794,0.025800286669851888,0.5699952221691352,0.025800286669851888
60638,ZCTA5 60638,B03002_011,549,245,No,Two or more races,Excluding,2093,0.2881032011466794,1,0.43000477783086477,0.2881032011466794,0.2623029144768275,0.43000477783086477,0.2623029144768275
60638,ZCTA5 60638,B03002_020,1139,531,Yes,Two or more races,Including,2093,0.7118967988533206,1,0.5699952221691352,0.7118967988533206,0.5441949354992833,0.5699952221691352,0.5441949354992833
60638,ZCTA5 60638,B03002_021,351,235,Yes,Two or more races,Excluding,2093,0.7118967988533206,1,0.43000477783086477,0.7118967988533206,0.16770186335403728,0.43000477783086477,0.16770186335403728
60639,ZCTA5 60639,B03002_010,0,26,No,Two or more races,Including,2373,0.18668352296670881,1,0.4787189211967973,0.18668352296670881,0,0.4787189211967973,0
60639,ZCTA5 60639,B03002_011,443,185,No,Two or more races,Excluding,2373,0.18668352296670881,1,0.5212810788032027,0.18668352296670881,0.18668352296670881,0.5212810788032027,0.18668352296670881
60639,ZCTA5 60639,B03002_020,1136,383,Yes,Two or more races,Including,2373,0.8133164770332912,1,0.4787189211967973,0.8133164770332912,0.4787189211967973,0.4787189211967973,0.4787189211967973
60639,ZCTA5 60639,B03002_021,794,333,Yes,Two or more races,Excluding,2373,0.8133164770332912,1,0.5212810788032027,0.8133164770332912,0.33459755583649387,0.5212810788032027,0.33459755583649387
60640,ZCTA5 60640,B03002_010,63,36,No,Two or more races,Including,2263,0.7808219178082192,1,0.08440123729562528,0.7808219178082192,0.027839151568714096,0.08440123729562528,0.027839151568714096
60640,ZCTA5 60640,B03002_011,1704,389,No,Two or more races,Excluding,2263,0.7808219178082192,1,0.9155987627043747,0.7808219178082192,0.7529827662395051,0.9155987627043747,0.7529827662395051
60640,ZCTA5 60640,B03002_020,128,78,Yes,Two or more races,Including,2263,0.2191780821917808,1,0.08440123729562528,0.2191780821917808,0.05656208572691118,0.08440123729562528,0.05656208572691118
60640,ZCTA5 60640,B03002_021,368,185,Yes,Two or more races,Excluding,2263,0.2191780821917808,1,0.9155987627043747,0.2191780821917808,0.16261599646486966,0.9155987627043747,0.16261599646486966
60641,ZCTA5 60641,B03002_010,83,73,No,Two or more races,Including,3068,0.5290091264667536,1,0.3318122555410691,0.5290091264667536,0.027053455019556714,0.3318122555410691,0.027053455019556714
60641,ZCTA5 60641,B03002_011,1540,378,No,Two or more races,Excluding,3068,0.5290091264667536,1,0.6681877444589309,0.5290091264667536,0.5019556714471969,0.6681877444589309,0.5019556714471969
60641,ZCTA5 60641,B03002_020,935,386,Yes,Two or more races,Including,3068,0.4709908735332464,1,0.3318122555410691,0.4709908735332464,0.3047588005215124,0.3318122555410691,0.3047588005215124
60641,ZCTA5 60641,B03002_021,510,187,Yes,Two or more races,Excluding,3068,0.4709908735332464,1,0.6681877444589309,0.4709908735332464,0.16623207301173404,0.6681877444589309,0.16623207301173404
60642,ZCTA5 60642,B03002_010,14,16,No,Two or more races,Including,831,0.6570397111913358,1,0.1865222623345367,0.6570397111913358,0.01684717208182912,0.1865222623345367,0.01684717208182912
60642,ZCTA5 60642,B03002_011,532,164,No,Two or more races,Excluding,831,0.6570397111913358,1,0.8134777376654633,0.6570397111913358,0.6401925391095066,0.8134777376654633,0.6401925391095066
60642,ZCTA5 60642,B03002_020,141,73,Yes,Two or more races,Including,831,0.34296028880866425,1,0.1865222623345367,0.34296028880866425,0.16967509025270758,0.1865222623345367,0.16967509025270758
60642,ZCTA5 60642,B03002_021,144,120,Yes,Two or more races,Excluding,831,0.34296028880866425,1,0.8134777376654633,0.34296028880866425,0.17328519855595667,0.8134777376654633,0.17328519855595667
60643,ZCTA5 60643,B03002_010,0,23,No,Two or more races,Including,1371,0.7556528081692195,1,0.20350109409190373,0.7556528081692195,0,0.20350109409190373,0
60643,ZCTA5 60643,B03002_011,1036,383,No,Two or more races,Excluding,1371,0.7556528081692195,1,0.7964989059080962,0.7556528081692195,0.7556528081692195,0.7964989059080962,0.7556528081692195
60643,ZCTA5 60643,B03002_020,279,317,Yes,Two or more races,Including,1371,0.24434719183078046,1,0.20350109409190373,0.24434719183078046,0.20350109409190373,0.20350109409190373,0.20350109409190373
60643,ZCTA5 60643,B03002_021,56,84,Yes,Two or more races,Excluding,1371,0.24434719183078046,1,0.7964989059080962,0.24434719183078046,0.040846097738876735,0.7964989059080962,0.040846097738876735
60644,ZCTA5 60644,B03002_010,0,23,No,Two or more races,Including,543,0.7182320441988951,1,0.281767955801105,0.7182320441988951,0,0.281767955801105,0
60644,ZCTA5 60644,B03002_011,390,261,No,Two or more races,Excluding,543,0.7182320441988951,1,0.7182320441988951,0.7182320441988951,0.7182320441988951,0.7182320441988951,0.7182320441988951
60644,ZCTA5 60644,B03002_020,153,114,Yes,Two or more races,Including,543,0.281767955801105,1,0.281767955801105,0.281767955801105,0.281767955801105,0.281767955801105,0.281767955801105
60644,ZCTA5 60644,B03002_021,0,23,Yes,Two or more races,Excluding,543,0.281767955801105,1,0.7182320441988951,0.281767955801105,0,0.7182320441988951,0
60645,ZCTA5 60645,B03002_010,168,111,No,Two or more races,Including,1969,0.9603859827323514,1,0.10309801929913662,0.9603859827323514,0.08532249873031995,0.10309801929913662,0.08532249873031995
60645,ZCTA5 60645,B03002_011,1723,448,No,Two or more races,Excluding,1969,0.9603859827323514,1,0.8969019807008634,0.9603859827323514,0.8750634840020315,0.8969019807008634,0.8750634840020315
60645,ZCTA5 60645,B03002_020,35,41,Yes,Two or more races,Including,1969,0.03961401726764855,1,0.10309801929913662,0.03961401726764855,0.017775520568816656,0.10309801929913662,0.017775520568816656
60645,ZCTA5 60645,B03002_021,43,60,Yes,Two or more races,Excluding,1969,0.03961401726764855,1,0.8969019807008634,0.03961401726764855,0.021838496698831894,0.8969019807008634,0.021838496698831894
60646,ZCTA5 60646,B03002_010,18,26,No,Two or more races,Including,650,0.7615384615384615,1,0.18615384615384614,0.7615384615384615,0.027692307692307693,0.18615384615384614,0.027692307692307693
60646,ZCTA5 60646,B03002_011,477,186,No,Two or more races,Excluding,650,0.7615384615384615,1,0.8138461538461539,0.7615384615384615,0.7338461538461538,0.8138461538461539,0.7338461538461538
60646,ZCTA5 60646,B03002_020,103,109,Yes,Two or more races,Including,650,0.23846153846153847,1,0.18615384615384614,0.23846153846153847,0.15846153846153846,0.18615384615384614,0.15846153846153846
60646,ZCTA5 60646,B03002_021,52,45,Yes,Two or more races,Excluding,650,0.23846153846153847,1,0.8138461538461539,0.23846153846153847,0.08,0.8138461538461539,0.08
60647,ZCTA5 60647,B03002_010,69,59,No,Two or more races,Including,3348,0.5689964157706093,1,0.22520908004778972,0.5689964157706093,0.02060931899641577,0.22520908004778972,0.02060931899641577
60647,ZCTA5 60647,B03002_011,1836,258,No,Two or more races,Excluding,3348,0.5689964157706093,1,0.7747909199522103,0.5689964157706093,0.5483870967741935,0.7747909199522103,0.5483870967741935
60647,ZCTA5 60647,B03002_020,685,203,Yes,Two or more races,Including,3348,0.43100358422939067,1,0.22520908004778972,0.43100358422939067,0.20459976105137395,0.22520908004778972,0.20459976105137395
60647,ZCTA5 60647,B03002_021,758,246,Yes,Two or more races,Excluding,3348,0.43100358422939067,1,0.7747909199522103,0.43100358422939067,0.22640382317801672,0.7747909199522103,0.22640382317801672
60649,ZCTA5 60649,B03002_010,0,23,No,Two or more races,Including,668,0.9116766467065869,1,0.08832335329341318,0.9116766467065869,0,0.08832335329341318,0
60649,ZCTA5 60649,B03002_011,609,206,No,Two or more races,Excluding,668,0.9116766467065869,1,0.9116766467065869,0.9116766467065869,0.9116766467065869,0.9116766467065869,0.9116766467065869
60649,ZCTA5 60649,B03002_020,59,67,Yes,Two or more races,Including,668,0.08832335329341318,1,0.08832335329341318,0.08832335329341318,0.08832335329341318,0.08832335329341318,0.08832335329341318
60649,ZCTA5 60649,B03002_021,0,23,Yes,Two or more races,Excluding,668,0.08832335329341318,1,0.9116766467065869,0.08832335329341318,0,0.9116766467065869,0
60651,ZCTA5 60651,B03002_010,12,19,No,Two or more races,Including,1740,0.34022988505747126,1,0.40229885057471265,0.34022988505747126,0.006896551724137931,0.40229885057471265,0.006896551724137931
60651,ZCTA5 60651,B03002_011,580,398,No,Two or more races,Excluding,1740,0.34022988505747126,1,0.5977011494252874,0.34022988505747126,0.3333333333333333,0.5977011494252874,0.3333333333333333
60651,ZCTA5 60651,B03002_020,688,511,Yes,Two or more races,Including,1740,0.6597701149425287,1,0.40229885057471265,0.6597701149425287,0.3954022988505747,0.40229885057471265,0.3954022988505747
60651,ZCTA5 60651,B03002_021,460,260,Yes,Two or more races,Excluding,1740,0.6597701149425287,1,0.5977011494252874,0.6597701149425287,0.26436781609195403,0.5977011494252874,0.26436781609195403
60652,ZCTA5 60652,B03002_010,301,308,No,Two or more races,Including,1354,0.7156573116691285,1,0.43870014771048743,0.7156573116691285,0.2223042836041359,0.43870014771048743,0.2223042836041359
60652,ZCTA5 60652,B03002_011,668,445,No,Two or more races,Excluding,1354,0.7156573116691285,1,0.5612998522895125,0.7156573116691285,0.4933530280649926,0.5612998522895125,0.4933530280649926
60652,ZCTA5 60652,B03002_020,293,178,Yes,Two or more races,Including,1354,0.2843426883308715,1,0.43870014771048743,0.2843426883308715,0.21639586410635156,0.43870014771048743,0.21639586410635156
60652,ZCTA5 60652,B03002_021,92,77,Yes,Two or more races,Excluding,1354,0.2843426883308715,1,0.5612998522895125,0.2843426883308715,0.06794682422451995,0.5612998522895125,0.06794682422451995
60653,ZCTA5 60653,B03002_010,39,32,No,Two or more races,Including,580,0.9258620689655173,1,0.06724137931034482,0.9258620689655173,0.06724137931034482,0.06724137931034482,0.06724137931034482
60653,ZCTA5 60653,B03002_011,498,147,No,Two or more races,Excluding,580,0.9258620689655173,1,0.9327586206896552,0.9258620689655173,0.8586206896551725,0.9327586206896552,0.8586206896551725
60653,ZCTA5 60653,B03002_020,0,23,Yes,Two or more races,Including,580,0.07413793103448275,1,0.06724137931034482,0.07413793103448275,0,0.06724137931034482,0
60653,ZCTA5 60653,B03002_021,43,37,Yes,Two or more races,Excluding,580,0.07413793103448275,1,0.9327586206896552,0.07413793103448275,0.07413793103448275,0.9327586206896552,0.07413793103448275
60654,ZCTA5 60654,B03002_010,35,38,No,Two or more races,Including,610,0.9721311475409836,1,0.05737704918032787,0.9721311475409836,0.05737704918032787,0.05737704918032787,0.05737704918032787
60654,ZCTA5 60654,B03002_011,558,252,No,Two or more races,Excluding,610,0.9721311475409836,1,0.9426229508196722,0.9721311475409836,0.9147540983606557,0.9426229508196722,0.9147540983606557
60654,ZCTA5 60654,B03002_020,0,17,Yes,Two or more races,Including,610,0.027868852459016394,1,0.05737704918032787,0.027868852459016394,0,0.05737704918032787,0
60654,ZCTA5 60654,B03002_021,17,27,Yes,Two or more races,Excluding,610,0.027868852459016394,1,0.9426229508196722,0.027868852459016394,0.027868852459016394,0.9426229508196722,0.027868852459016394
60655,ZCTA5 60655,B03002_010,0,20,No,Two or more races,Including,281,0.9572953736654805,1,0.017793594306049824,0.9572953736654805,0,0.017793594306049824,0
60655,ZCTA5 60655,B03002_011,269,139,No,Two or more races,Excluding,281,0.9572953736654805,1,0.9822064056939501,0.9572953736654805,0.9572953736654805,0.9822064056939501,0.9572953736654805
60655,ZCTA5 60655,B03002_020,5,8,Yes,Two or more races,Including,281,0.042704626334519574,1,0.017793594306049824,0.042704626334519574,0.017793594306049824,0.017793594306049824,0.017793594306049824
60655,ZCTA5 60655,B03002_021,7,14,Yes,Two or more races,Excluding,281,0.042704626334519574,1,0.9822064056939501,0.042704626334519574,0.02491103202846975,0.9822064056939501,0.02491103202846975
60656,ZCTA5 60656,B03002_010,0,20,No,Two or more races,Including,919,0.7040261153427638,1,0.2578890097932535,0.7040261153427638,0,0.2578890097932535,0
60656,ZCTA5 60656,B03002_011,647,318,No,Two or more races,Excluding,919,0.7040261153427638,1,0.7421109902067464,0.7040261153427638,0.7040261153427638,0.7421109902067464,0.7040261153427638
60656,ZCTA5 60656,B03002_020,237,196,Yes,Two or more races,Including,919,0.2959738846572361,1,0.2578890097932535,0.2959738846572361,0.2578890097932535,0.2578890097932535,0.2578890097932535
60656,ZCTA5 60656,B03002_021,35,48,Yes,Two or more races,Excluding,919,0.2959738846572361,1,0.7421109902067464,0.2959738846572361,0.03808487486398259,0.7421109902067464,0.03808487486398259
60657,ZCTA5 60657,B03002_010,131,88,No,Two or more races,Including,2224,0.9091726618705036,1,0.08767985611510791,0.9091726618705036,0.05890287769784173,0.08767985611510791,0.05890287769784173
60657,ZCTA5 60657,B03002_011,1891,310,No,Two or more races,Excluding,2224,0.9091726618705036,1,0.9123201438848921,0.9091726618705036,0.8502697841726619,0.9123201438848921,0.8502697841726619
60657,ZCTA5 60657,B03002_020,64,39,Yes,Two or more races,Including,2224,0.09082733812949641,1,0.08767985611510791,0.09082733812949641,0.02877697841726619,0.08767985611510791,0.02877697841726619
60657,ZCTA5 60657,B03002_021,138,77,Yes,Two or more races,Excluding,2224,0.09082733812949641,1,0.9123201438848921,0.09082733812949641,0.06205035971223022,0.9123201438848921,0.06205035971223022
60659,ZCTA5 60659,B03002_010,94,89,No,Two or more races,Including,1911,0.8199895342752486,1,0.13971742543171115,0.8199895342752486,0.049188906331763475,0.13971742543171115,0.049188906331763475
60659,ZCTA5 60659,B03002_011,1473,568,No,Two or more races,Excluding,1911,0.8199895342752486,1,0.8602825745682888,0.8199895342752486,0.7708006279434851,0.8602825745682888,0.7708006279434851
60659,ZCTA5 60659,B03002_020,173,111,Yes,Two or more races,Including,1911,0.18001046572475143,1,0.13971742543171115,0.18001046572475143,0.09052851909994768,0.13971742543171115,0.09052851909994768
60659,ZCTA5 60659,B03002_021,171,165,Yes,Two or more races,Excluding,1911,0.18001046572475143,1,0.8602825745682888,0.18001046572475143,0.08948194662480377,0.8602825745682888,0.08948194662480377
60660,ZCTA5 60660,B03002_010,77,64,No,Two or more races,Including,1388,0.8443804034582133,1,0.17435158501440923,0.8443804034582133,0.05547550432276657,0.17435158501440923,0.05547550432276657
60660,ZCTA5 60660,B03002_011,1095,251,No,Two or more races,Excluding,1388,0.8443804034582133,1,0.8256484149855908,0.8443804034582133,0.7889048991354467,0.8256484149855908,0.7889048991354467
60660,ZCTA5 60660,B03002_020,165,90,Yes,Two or more races,Including,1388,0.15561959654178675,1,0.17435158501440923,0.15561959654178675,0.11887608069164265,0.17435158501440923,0.11887608069164265
60660,ZCTA5 60660,B03002_021,51,40,Yes,Two or more races,Excluding,1388,0.15561959654178675,1,0.8256484149855908,0.15561959654178675,0.03674351585014409,0.8256484149855908,0.03674351585014409
60661,ZCTA5 60661,B03002_010,32,51,No,Two or more races,Including,314,0.9076433121019108,1,0.15286624203821655,0.9076433121019108,0.10191082802547771,0.15286624203821655,0.10191082802547771
60661,ZCTA5 60661,B03002_011,253,153,No,Two or more races,Excluding,314,0.9076433121019108,1,0.8471337579617835,0.9076433121019108,0.8057324840764332,0.8471337579617835,0.8057324840764332
60661,ZCTA5 60661,B03002_020,16,25,Yes,Two or more races,Including,314,0.09235668789808917,1,0.15286624203821655,0.09235668789808917,0.050955414012738856,0.15286624203821655,0.050955414012738856
60661,ZCTA5 60661,B03002_021,13,21,Yes,Two or more races,Excluding,314,0.09235668789808917,1,0.8471337579617835,0.09235668789808917,0.041401273885350316,0.8471337579617835,0.041401273885350316
