GEOID,NAME,variable,estimate,moe,Sex,Age
60628,ZCTA5 60628,B01001I_003,25,33,Male,Under 5 years
60641,ZCTA5 60641,B01001I_003,1533,309,Male,Under 5 years
60607,ZCTA5 60607,B01001I_003,162,145,Male,Under 5 years
60609,ZCTA5 60609,B01001I_003,1288,249,Male,Under 5 years
60625,ZCTA5 60625,B01001I_003,1212,299,Male,Under 5 years
60646,ZCTA5 60646,B01001I_003,68,69,Male,Under 5 years
60652,ZCTA5 60652,B01001I_003,777,192,Male,Under 5 years
60614,ZCTA5 60614,B01001I_003,208,125,Male,Under 5 years
60615,ZCTA5 60615,B01001I_003,104,72,Male,Under 5 years
60619,ZCTA5 60619,B01001I_003,65,69,Male,Under 5 years
60621,ZCTA5 60621,B01001I_003,52,54,Male,Under 5 years
60636,ZCTA5 60636,B01001I_003,159,98,Male,Under 5 years
60639,ZCTA5 60639,B01001I_003,2702,403,Male,Under 5 years
60643,ZCTA5 60643,B01001I_003,66,57,Male,Under 5 years
60647,ZCTA5 60647,B01001I_003,1484,216,Male,Under 5 years
60631,ZCTA5 60631,B01001I_003,67,45,Male,Under 5 years
60601,ZCTA5 60601,B01001I_003,0,17,Male,Under 5 years
60608,ZCTA5 60608,B01001I_003,1557,304,Male,Under 5 years
60620,ZCTA5 60620,B01001I_003,70,71,Male,Under 5 years
60634,ZCTA5 60634,B01001I_003,1380,299,Male,Under 5 years
60637,ZCTA5 60637,B01001I_003,73,73,Male,Under 5 years
60644,ZCTA5 60644,B01001I_003,84,81,Male,Under 5 years
60605,ZCTA5 60605,B01001I_003,69,93,Male,Under 5 years
60606,ZCTA5 60606,B01001I_003,36,50,Male,Under 5 years
60623,ZCTA5 60623,B01001I_003,2475,436,Male,Under 5 years
60629,ZCTA5 60629,B01001I_003,2987,468,Male,Under 5 years
60633,ZCTA5 60633,B01001I_003,216,114,Male,Under 5 years
60638,ZCTA5 60638,B01001I_003,1581,309,Male,Under 5 years
60640,ZCTA5 60640,B01001I_003,472,211,Male,Under 5 years
60649,ZCTA5 60649,B01001I_003,57,58,Male,Under 5 years
60655,ZCTA5 60655,B01001I_003,178,142,Male,Under 5 years
60661,ZCTA5 60661,B01001I_003,0,15,Male,Under 5 years
60610,ZCTA5 60610,B01001I_003,179,12,Male,Under 5 years
60622,ZCTA5 60622,B01001I_003,522,132,Male,Under 5 years
60660,ZCTA5 60660,B01001I_003,142,101,Male,Under 5 years
60602,ZCTA5 60602,B01001I_003,5,11,Male,Under 5 years
60657,ZCTA5 60657,B01001I_003,133,93,Male,Under 5 years
60654,ZCTA5 60654,B01001I_003,0,17,Male,Under 5 years
60659,ZCTA5 60659,B01001I_003,426,254,Male,Under 5 years
60603,ZCTA5 60603,B01001I_003,0,11,Male,Under 5 years
60642,ZCTA5 60642,B01001I_003,120,95,Male,Under 5 years
60656,ZCTA5 60656,B01001I_003,236,145,Male,Under 5 years
60611,ZCTA5 60611,B01001I_003,27,42,Male,Under 5 years
60616,ZCTA5 60616,B01001I_003,208,140,Male,Under 5 years
60651,ZCTA5 60651,B01001I_003,1118,368,Male,Under 5 years
60604,ZCTA5 60604,B01001I_003,0,11,Male,Under 5 years
60612,ZCTA5 60612,B01001I_003,75,52,Male,Under 5 years
60613,ZCTA5 60613,B01001I_003,210,123,Male,Under 5 years
60617,ZCTA5 60617,B01001I_003,1060,217,Male,Under 5 years
60618,ZCTA5 60618,B01001I_003,1580,321,Male,Under 5 years
60624,ZCTA5 60624,B01001I_003,216,141,Male,Under 5 years
60626,ZCTA5 60626,B01001I_003,250,108,Male,Under 5 years
60630,ZCTA5 60630,B01001I_003,438,163,Male,Under 5 years
60632,ZCTA5 60632,B01001I_003,3213,481,Male,Under 5 years
60645,ZCTA5 60645,B01001I_003,276,120,Male,Under 5 years
60653,ZCTA5 60653,B01001I_003,40,47,Male,Under 5 years
60628,ZCTA5 60628,B01001I_004,98,54,Male,5 to 9 years
60641,ZCTA5 60641,B01001I_004,1714,328,Male,5 to 9 years
60607,ZCTA5 60607,B01001I_004,66,62,Male,5 to 9 years
60609,ZCTA5 60609,B01001I_004,1453,265,Male,5 to 9 years
60625,ZCTA5 60625,B01001I_004,1294,397,Male,5 to 9 years
60646,ZCTA5 60646,B01001I_004,96,62,Male,5 to 9 years
60652,ZCTA5 60652,B01001I_004,808,146,Male,5 to 9 years
60614,ZCTA5 60614,B01001I_004,93,56,Male,5 to 9 years
60615,ZCTA5 60615,B01001I_004,6,9,Male,5 to 9 years
60619,ZCTA5 60619,B01001I_004,113,114,Male,5 to 9 years
60621,ZCTA5 60621,B01001I_004,146,78,Male,5 to 9 years
60636,ZCTA5 60636,B01001I_004,140,68,Male,5 to 9 years
60639,ZCTA5 60639,B01001I_004,3268,348,Male,5 to 9 years
60643,ZCTA5 60643,B01001I_004,28,35,Male,5 to 9 years
60647,ZCTA5 60647,B01001I_004,1472,265,Male,5 to 9 years
60631,ZCTA5 60631,B01001I_004,118,90,Male,5 to 9 years
60601,ZCTA5 60601,B01001I_004,0,17,Male,5 to 9 years
60608,ZCTA5 60608,B01001I_004,1314,332,Male,5 to 9 years
60620,ZCTA5 60620,B01001I_004,80,58,Male,5 to 9 years
60634,ZCTA5 60634,B01001I_004,1095,226,Male,5 to 9 years
60637,ZCTA5 60637,B01001I_004,52,41,Male,5 to 9 years
60644,ZCTA5 60644,B01001I_004,198,104,Male,5 to 9 years
60605,ZCTA5 60605,B01001I_004,0,20,Male,5 to 9 years
60606,ZCTA5 60606,B01001I_004,0,11,Male,5 to 9 years
60623,ZCTA5 60623,B01001I_004,2991,425,Male,5 to 9 years
60629,ZCTA5 60629,B01001I_004,3306,408,Male,5 to 9 years
60633,ZCTA5 60633,B01001I_004,270,108,Male,5 to 9 years
60638,ZCTA5 60638,B01001I_004,1571,302,Male,5 to 9 years
60640,ZCTA5 60640,B01001I_004,334,165,Male,5 to 9 years
60649,ZCTA5 60649,B01001I_004,45,49,Male,5 to 9 years
60655,ZCTA5 60655,B01001I_004,119,69,Male,5 to 9 years
60661,ZCTA5 60661,B01001I_004,0,15,Male,5 to 9 years
60610,ZCTA5 60610,B01001I_004,0,23,Male,5 to 9 years
60622,ZCTA5 60622,B01001I_004,343,130,Male,5 to 9 years
60660,ZCTA5 60660,B01001I_004,275,121,Male,5 to 9 years
60602,ZCTA5 60602,B01001I_004,0,11,Male,5 to 9 years
60657,ZCTA5 60657,B01001I_004,104,56,Male,5 to 9 years
60654,ZCTA5 60654,B01001I_004,0,17,Male,5 to 9 years
60659,ZCTA5 60659,B01001I_004,446,179,Male,5 to 9 years
60603,ZCTA5 60603,B01001I_004,0,11,Male,5 to 9 years
60642,ZCTA5 60642,B01001I_004,116,71,Male,5 to 9 years
60656,ZCTA5 60656,B01001I_004,73,67,Male,5 to 9 years
60611,ZCTA5 60611,B01001I_004,0,23,Male,5 to 9 years
60616,ZCTA5 60616,B01001I_004,122,69,Male,5 to 9 years
60651,ZCTA5 60651,B01001I_004,1277,380,Male,5 to 9 years
60604,ZCTA5 60604,B01001I_004,0,11,Male,5 to 9 years
60612,ZCTA5 60612,B01001I_004,75,55,Male,5 to 9 years
60613,ZCTA5 60613,B01001I_004,168,103,Male,5 to 9 years
60617,ZCTA5 60617,B01001I_004,1185,260,Male,5 to 9 years
60618,ZCTA5 60618,B01001I_004,1525,283,Male,5 to 9 years
60624,ZCTA5 60624,B01001I_004,122,92,Male,5 to 9 years
60626,ZCTA5 60626,B01001I_004,457,176,Male,5 to 9 years
60630,ZCTA5 60630,B01001I_004,589,138,Male,5 to 9 years
60632,ZCTA5 60632,B01001I_004,4005,422,Male,5 to 9 years
60645,ZCTA5 60645,B01001I_004,249,130,Male,5 to 9 years
60653,ZCTA5 60653,B01001I_004,60,48,Male,5 to 9 years
60628,ZCTA5 60628,B01001I_005,72,51,Male,10 to 14 years
60641,ZCTA5 60641,B01001I_005,1556,229,Male,10 to 14 years
60607,ZCTA5 60607,B01001I_005,19,19,Male,10 to 14 years
60609,ZCTA5 60609,B01001I_005,1374,259,Male,10 to 14 years
60625,ZCTA5 60625,B01001I_005,655,178,Male,10 to 14 years
60646,ZCTA5 60646,B01001I_005,210,112,Male,10 to 14 years
60652,ZCTA5 60652,B01001I_005,888,186,Male,10 to 14 years
60614,ZCTA5 60614,B01001I_005,51,44,Male,10 to 14 years
60615,ZCTA5 60615,B01001I_005,57,52,Male,10 to 14 years
60619,ZCTA5 60619,B01001I_005,36,33,Male,10 to 14 years
60621,ZCTA5 60621,B01001I_005,40,37,Male,10 to 14 years
60636,ZCTA5 60636,B01001I_005,188,85,Male,10 to 14 years
60639,ZCTA5 60639,B01001I_005,3022,471,Male,10 to 14 years
60643,ZCTA5 60643,B01001I_005,114,82,Male,10 to 14 years
60647,ZCTA5 60647,B01001I_005,1470,225,Male,10 to 14 years
60631,ZCTA5 60631,B01001I_005,209,84,Male,10 to 14 years
60601,ZCTA5 60601,B01001I_005,0,17,Male,10 to 14 years
60608,ZCTA5 60608,B01001I_005,1866,353,Male,10 to 14 years
60620,ZCTA5 60620,B01001I_005,68,58,Male,10 to 14 years
60634,ZCTA5 60634,B01001I_005,1345,314,Male,10 to 14 years
60637,ZCTA5 60637,B01001I_005,13,14,Male,10 to 14 years
60644,ZCTA5 60644,B01001I_005,64,46,Male,10 to 14 years
60605,ZCTA5 60605,B01001I_005,0,20,Male,10 to 14 years
60606,ZCTA5 60606,B01001I_005,0,11,Male,10 to 14 years
60623,ZCTA5 60623,B01001I_005,2578,451,Male,10 to 14 years
60629,ZCTA5 60629,B01001I_005,3966,507,Male,10 to 14 years
60633,ZCTA5 60633,B01001I_005,284,207,Male,10 to 14 years
60638,ZCTA5 60638,B01001I_005,1416,290,Male,10 to 14 years
60640,ZCTA5 60640,B01001I_005,428,206,Male,10 to 14 years
60649,ZCTA5 60649,B01001I_005,0,23,Male,10 to 14 years
60655,ZCTA5 60655,B01001I_005,64,51,Male,10 to 14 years
60661,ZCTA5 60661,B01001I_005,0,15,Male,10 to 14 years
60610,ZCTA5 60610,B01001I_005,0,23,Male,10 to 14 years
60622,ZCTA5 60622,B01001I_005,305,141,Male,10 to 14 years
60660,ZCTA5 60660,B01001I_005,162,99,Male,10 to 14 years
60602,ZCTA5 60602,B01001I_005,0,11,Male,10 to 14 years
60657,ZCTA5 60657,B01001I_005,86,48,Male,10 to 14 years
60654,ZCTA5 60654,B01001I_005,0,17,Male,10 to 14 years
60659,ZCTA5 60659,B01001I_005,236,104,Male,10 to 14 years
60603,ZCTA5 60603,B01001I_005,22,37,Male,10 to 14 years
60642,ZCTA5 60642,B01001I_005,110,67,Male,10 to 14 years
60656,ZCTA5 60656,B01001I_005,78,47,Male,10 to 14 years
60611,ZCTA5 60611,B01001I_005,0,23,Male,10 to 14 years
60616,ZCTA5 60616,B01001I_005,125,66,Male,10 to 14 years
60651,ZCTA5 60651,B01001I_005,1256,325,Male,10 to 14 years
60604,ZCTA5 60604,B01001I_005,0,11,Male,10 to 14 years
60612,ZCTA5 60612,B01001I_005,129,64,Male,10 to 14 years
60613,ZCTA5 60613,B01001I_005,139,164,Male,10 to 14 years
60617,ZCTA5 60617,B01001I_005,1494,302,Male,10 to 14 years
60618,ZCTA5 60618,B01001I_005,1039,260,Male,10 to 14 years
60624,ZCTA5 60624,B01001I_005,122,74,Male,10 to 14 years
60626,ZCTA5 60626,B01001I_005,278,118,Male,10 to 14 years
60630,ZCTA5 60630,B01001I_005,878,262,Male,10 to 14 years
60632,ZCTA5 60632,B01001I_005,3574,424,Male,10 to 14 years
60645,ZCTA5 60645,B01001I_005,300,146,Male,10 to 14 years
60653,ZCTA5 60653,B01001I_005,81,60,Male,10 to 14 years
60628,ZCTA5 60628,B01001I_006,56,36,Male,15 to 17 years
60641,ZCTA5 60641,B01001I_006,935,246,Male,15 to 17 years
60607,ZCTA5 60607,B01001I_006,0,20,Male,15 to 17 years
60609,ZCTA5 60609,B01001I_006,856,174,Male,15 to 17 years
60625,ZCTA5 60625,B01001I_006,574,180,Male,15 to 17 years
60646,ZCTA5 60646,B01001I_006,134,77,Male,15 to 17 years
60652,ZCTA5 60652,B01001I_006,562,141,Male,15 to 17 years
60614,ZCTA5 60614,B01001I_006,42,40,Male,15 to 17 years
60615,ZCTA5 60615,B01001I_006,110,90,Male,15 to 17 years
60619,ZCTA5 60619,B01001I_006,27,39,Male,15 to 17 years
60621,ZCTA5 60621,B01001I_006,30,32,Male,15 to 17 years
60636,ZCTA5 60636,B01001I_006,49,39,Male,15 to 17 years
60639,ZCTA5 60639,B01001I_006,1591,227,Male,15 to 17 years
60643,ZCTA5 60643,B01001I_006,67,68,Male,15 to 17 years
60647,ZCTA5 60647,B01001I_006,1018,201,Male,15 to 17 years
60631,ZCTA5 60631,B01001I_006,28,28,Male,15 to 17 years
60601,ZCTA5 60601,B01001I_006,0,17,Male,15 to 17 years
60608,ZCTA5 60608,B01001I_006,681,178,Male,15 to 17 years
60620,ZCTA5 60620,B01001I_006,38,33,Male,15 to 17 years
60634,ZCTA5 60634,B01001I_006,665,161,Male,15 to 17 years
60637,ZCTA5 60637,B01001I_006,9,11,Male,15 to 17 years
60644,ZCTA5 60644,B01001I_006,44,39,Male,15 to 17 years
60605,ZCTA5 60605,B01001I_006,0,20,Male,15 to 17 years
60606,ZCTA5 60606,B01001I_006,0,11,Male,15 to 17 years
60623,ZCTA5 60623,B01001I_006,1600,298,Male,15 to 17 years
60629,ZCTA5 60629,B01001I_006,2430,370,Male,15 to 17 years
60633,ZCTA5 60633,B01001I_006,166,156,Male,15 to 17 years
60638,ZCTA5 60638,B01001I_006,659,187,Male,15 to 17 years
60640,ZCTA5 60640,B01001I_006,154,113,Male,15 to 17 years
60649,ZCTA5 60649,B01001I_006,15,24,Male,15 to 17 years
60655,ZCTA5 60655,B01001I_006,57,42,Male,15 to 17 years
60661,ZCTA5 60661,B01001I_006,0,15,Male,15 to 17 years
60610,ZCTA5 60610,B01001I_006,0,23,Male,15 to 17 years
60622,ZCTA5 60622,B01001I_006,189,85,Male,15 to 17 years
60660,ZCTA5 60660,B01001I_006,106,92,Male,15 to 17 years
60602,ZCTA5 60602,B01001I_006,0,11,Male,15 to 17 years
60657,ZCTA5 60657,B01001I_006,19,21,Male,15 to 17 years
60654,ZCTA5 60654,B01001I_006,0,17,Male,15 to 17 years
60659,ZCTA5 60659,B01001I_006,150,84,Male,15 to 17 years
60603,ZCTA5 60603,B01001I_006,0,11,Male,15 to 17 years
60642,ZCTA5 60642,B01001I_006,87,78,Male,15 to 17 years
60656,ZCTA5 60656,B01001I_006,41,52,Male,15 to 17 years
60611,ZCTA5 60611,B01001I_006,0,23,Male,15 to 17 years
60616,ZCTA5 60616,B01001I_006,41,40,Male,15 to 17 years
60651,ZCTA5 60651,B01001I_006,919,262,Male,15 to 17 years
60604,ZCTA5 60604,B01001I_006,5,7,Male,15 to 17 years
60612,ZCTA5 60612,B01001I_006,130,73,Male,15 to 17 years
60613,ZCTA5 60613,B01001I_006,65,56,Male,15 to 17 years
60617,ZCTA5 60617,B01001I_006,885,211,Male,15 to 17 years
60618,ZCTA5 60618,B01001I_006,542,152,Male,15 to 17 years
60624,ZCTA5 60624,B01001I_006,2,3,Male,15 to 17 years
60626,ZCTA5 60626,B01001I_006,222,105,Male,15 to 17 years
60630,ZCTA5 60630,B01001I_006,291,127,Male,15 to 17 years
60632,ZCTA5 60632,B01001I_006,2105,265,Male,15 to 17 years
60645,ZCTA5 60645,B01001I_006,311,173,Male,15 to 17 years
60653,ZCTA5 60653,B01001I_006,0,23,Male,15 to 17 years
60628,ZCTA5 60628,B01001I_007,41,33,Male,18 and 19 years
60641,ZCTA5 60641,B01001I_007,527,123,Male,18 and 19 years
60607,ZCTA5 60607,B01001I_007,50,37,Male,18 and 19 years
60609,ZCTA5 60609,B01001I_007,534,132,Male,18 and 19 years
60625,ZCTA5 60625,B01001I_007,525,186,Male,18 and 19 years
60646,ZCTA5 60646,B01001I_007,56,74,Male,18 and 19 years
60652,ZCTA5 60652,B01001I_007,320,89,Male,18 and 19 years
60614,ZCTA5 60614,B01001I_007,142,88,Male,18 and 19 years
60615,ZCTA5 60615,B01001I_007,71,62,Male,18 and 19 years
60619,ZCTA5 60619,B01001I_007,8,12,Male,18 and 19 years
60621,ZCTA5 60621,B01001I_007,0,20,Male,18 and 19 years
60636,ZCTA5 60636,B01001I_007,76,41,Male,18 and 19 years
60639,ZCTA5 60639,B01001I_007,1198,266,Male,18 and 19 years
60643,ZCTA5 60643,B01001I_007,26,23,Male,18 and 19 years
60647,ZCTA5 60647,B01001I_007,660,180,Male,18 and 19 years
60631,ZCTA5 60631,B01001I_007,62,53,Male,18 and 19 years
60601,ZCTA5 60601,B01001I_007,2,5,Male,18 and 19 years
60608,ZCTA5 60608,B01001I_007,638,182,Male,18 and 19 years
60620,ZCTA5 60620,B01001I_007,17,18,Male,18 and 19 years
60634,ZCTA5 60634,B01001I_007,440,157,Male,18 and 19 years
60637,ZCTA5 60637,B01001I_007,140,65,Male,18 and 19 years
60644,ZCTA5 60644,B01001I_007,69,51,Male,18 and 19 years
60605,ZCTA5 60605,B01001I_007,54,57,Male,18 and 19 years
60606,ZCTA5 60606,B01001I_007,0,11,Male,18 and 19 years
60623,ZCTA5 60623,B01001I_007,743,167,Male,18 and 19 years
60629,ZCTA5 60629,B01001I_007,1377,231,Male,18 and 19 years
60633,ZCTA5 60633,B01001I_007,143,105,Male,18 and 19 years
60638,ZCTA5 60638,B01001I_007,543,190,Male,18 and 19 years
60640,ZCTA5 60640,B01001I_007,88,55,Male,18 and 19 years
60649,ZCTA5 60649,B01001I_007,0,23,Male,18 and 19 years
60655,ZCTA5 60655,B01001I_007,34,27,Male,18 and 19 years
60661,ZCTA5 60661,B01001I_007,0,15,Male,18 and 19 years
60610,ZCTA5 60610,B01001I_007,27,25,Male,18 and 19 years
60622,ZCTA5 60622,B01001I_007,105,68,Male,18 and 19 years
60660,ZCTA5 60660,B01001I_007,92,51,Male,18 and 19 years
60602,ZCTA5 60602,B01001I_007,0,11,Male,18 and 19 years
60657,ZCTA5 60657,B01001I_007,23,32,Male,18 and 19 years
60654,ZCTA5 60654,B01001I_007,0,17,Male,18 and 19 years
60659,ZCTA5 60659,B01001I_007,33,42,Male,18 and 19 years
60603,ZCTA5 60603,B01001I_007,0,11,Male,18 and 19 years
60642,ZCTA5 60642,B01001I_007,25,27,Male,18 and 19 years
60656,ZCTA5 60656,B01001I_007,23,31,Male,18 and 19 years
60611,ZCTA5 60611,B01001I_007,28,27,Male,18 and 19 years
60616,ZCTA5 60616,B01001I_007,64,34,Male,18 and 19 years
60651,ZCTA5 60651,B01001I_007,285,165,Male,18 and 19 years
60604,ZCTA5 60604,B01001I_007,0,11,Male,18 and 19 years
60612,ZCTA5 60612,B01001I_007,51,42,Male,18 and 19 years
60613,ZCTA5 60613,B01001I_007,42,45,Male,18 and 19 years
60617,ZCTA5 60617,B01001I_007,455,143,Male,18 and 19 years
60618,ZCTA5 60618,B01001I_007,697,175,Male,18 and 19 years
60624,ZCTA5 60624,B01001I_007,60,63,Male,18 and 19 years
60626,ZCTA5 60626,B01001I_007,164,109,Male,18 and 19 years
60630,ZCTA5 60630,B01001I_007,239,139,Male,18 and 19 years
60632,ZCTA5 60632,B01001I_007,1230,222,Male,18 and 19 years
60645,ZCTA5 60645,B01001I_007,133,105,Male,18 and 19 years
60653,ZCTA5 60653,B01001I_007,16,22,Male,18 and 19 years
60628,ZCTA5 60628,B01001I_008,112,71,Male,20 to 24 years
60641,ZCTA5 60641,B01001I_008,1305,241,Male,20 to 24 years
60607,ZCTA5 60607,B01001I_008,176,91,Male,20 to 24 years
60609,ZCTA5 60609,B01001I_008,1504,243,Male,20 to 24 years
60625,ZCTA5 60625,B01001I_008,1073,263,Male,20 to 24 years
60646,ZCTA5 60646,B01001I_008,32,36,Male,20 to 24 years
60652,ZCTA5 60652,B01001I_008,722,160,Male,20 to 24 years
60614,ZCTA5 60614,B01001I_008,417,174,Male,20 to 24 years
60615,ZCTA5 60615,B01001I_008,318,109,Male,20 to 24 years
60619,ZCTA5 60619,B01001I_008,52,52,Male,20 to 24 years
60621,ZCTA5 60621,B01001I_008,16,27,Male,20 to 24 years
60636,ZCTA5 60636,B01001I_008,57,48,Male,20 to 24 years
60639,ZCTA5 60639,B01001I_008,2967,371,Male,20 to 24 years
60643,ZCTA5 60643,B01001I_008,31,57,Male,20 to 24 years
60647,ZCTA5 60647,B01001I_008,1540,204,Male,20 to 24 years
60631,ZCTA5 60631,B01001I_008,34,41,Male,20 to 24 years
60601,ZCTA5 60601,B01001I_008,63,75,Male,20 to 24 years
60608,ZCTA5 60608,B01001I_008,1869,333,Male,20 to 24 years
60620,ZCTA5 60620,B01001I_008,18,19,Male,20 to 24 years
60634,ZCTA5 60634,B01001I_008,797,218,Male,20 to 24 years
60637,ZCTA5 60637,B01001I_008,183,68,Male,20 to 24 years
60644,ZCTA5 60644,B01001I_008,97,49,Male,20 to 24 years
60605,ZCTA5 60605,B01001I_008,49,49,Male,20 to 24 years
60606,ZCTA5 60606,B01001I_008,0,11,Male,20 to 24 years
60623,ZCTA5 60623,B01001I_008,1650,274,Male,20 to 24 years
60629,ZCTA5 60629,B01001I_008,3229,400,Male,20 to 24 years
60633,ZCTA5 60633,B01001I_008,326,175,Male,20 to 24 years
60638,ZCTA5 60638,B01001I_008,887,211,Male,20 to 24 years
60640,ZCTA5 60640,B01001I_008,431,172,Male,20 to 24 years
60649,ZCTA5 60649,B01001I_008,16,27,Male,20 to 24 years
60655,ZCTA5 60655,B01001I_008,58,41,Male,20 to 24 years
60661,ZCTA5 60661,B01001I_008,0,15,Male,20 to 24 years
60610,ZCTA5 60610,B01001I_008,202,138,Male,20 to 24 years
60622,ZCTA5 60622,B01001I_008,451,150,Male,20 to 24 years
60660,ZCTA5 60660,B01001I_008,298,113,Male,20 to 24 years
60602,ZCTA5 60602,B01001I_008,5,13,Male,20 to 24 years
60657,ZCTA5 60657,B01001I_008,416,149,Male,20 to 24 years
60654,ZCTA5 60654,B01001I_008,35,41,Male,20 to 24 years
60659,ZCTA5 60659,B01001I_008,319,157,Male,20 to 24 years
60603,ZCTA5 60603,B01001I_008,6,12,Male,20 to 24 years
60642,ZCTA5 60642,B01001I_008,89,58,Male,20 to 24 years
60656,ZCTA5 60656,B01001I_008,94,49,Male,20 to 24 years
60611,ZCTA5 60611,B01001I_008,82,63,Male,20 to 24 years
60616,ZCTA5 60616,B01001I_008,115,69,Male,20 to 24 years
60651,ZCTA5 60651,B01001I_008,1500,370,Male,20 to 24 years
60604,ZCTA5 60604,B01001I_008,0,11,Male,20 to 24 years
60612,ZCTA5 60612,B01001I_008,117,50,Male,20 to 24 years
60613,ZCTA5 60613,B01001I_008,375,157,Male,20 to 24 years
60617,ZCTA5 60617,B01001I_008,1193,256,Male,20 to 24 years
60618,ZCTA5 60618,B01001I_008,1806,357,Male,20 to 24 years
60624,ZCTA5 60624,B01001I_008,67,67,Male,20 to 24 years
60626,ZCTA5 60626,B01001I_008,605,217,Male,20 to 24 years
60630,ZCTA5 60630,B01001I_008,452,164,Male,20 to 24 years
60632,ZCTA5 60632,B01001I_008,2730,330,Male,20 to 24 years
60645,ZCTA5 60645,B01001I_008,310,145,Male,20 to 24 years
60653,ZCTA5 60653,B01001I_008,21,24,Male,20 to 24 years
60628,ZCTA5 60628,B01001I_009,110,77,Male,25 to 29 years
60641,ZCTA5 60641,B01001I_009,1668,281,Male,25 to 29 years
60607,ZCTA5 60607,B01001I_009,201,112,Male,25 to 29 years
60609,ZCTA5 60609,B01001I_009,1825,293,Male,25 to 29 years
60625,ZCTA5 60625,B01001I_009,1355,290,Male,25 to 29 years
60646,ZCTA5 60646,B01001I_009,288,182,Male,25 to 29 years
60652,ZCTA5 60652,B01001I_009,410,130,Male,25 to 29 years
60614,ZCTA5 60614,B01001I_009,364,127,Male,25 to 29 years
60615,ZCTA5 60615,B01001I_009,153,85,Male,25 to 29 years
60619,ZCTA5 60619,B01001I_009,51,54,Male,25 to 29 years
60621,ZCTA5 60621,B01001I_009,62,43,Male,25 to 29 years
60636,ZCTA5 60636,B01001I_009,125,68,Male,25 to 29 years
60639,ZCTA5 60639,B01001I_009,2434,364,Male,25 to 29 years
60643,ZCTA5 60643,B01001I_009,46,46,Male,25 to 29 years
60647,ZCTA5 60647,B01001I_009,1859,300,Male,25 to 29 years
60631,ZCTA5 60631,B01001I_009,40,46,Male,25 to 29 years
60601,ZCTA5 60601,B01001I_009,307,202,Male,25 to 29 years
60608,ZCTA5 60608,B01001I_009,1766,301,Male,25 to 29 years
60620,ZCTA5 60620,B01001I_009,13,18,Male,25 to 29 years
60634,ZCTA5 60634,B01001I_009,1195,289,Male,25 to 29 years
60637,ZCTA5 60637,B01001I_009,29,26,Male,25 to 29 years
60644,ZCTA5 60644,B01001I_009,202,116,Male,25 to 29 years
60605,ZCTA5 60605,B01001I_009,143,130,Male,25 to 29 years
60606,ZCTA5 60606,B01001I_009,27,46,Male,25 to 29 years
60623,ZCTA5 60623,B01001I_009,2291,356,Male,25 to 29 years
60629,ZCTA5 60629,B01001I_009,3447,371,Male,25 to 29 years
60633,ZCTA5 60633,B01001I_009,184,96,Male,25 to 29 years
60638,ZCTA5 60638,B01001I_009,782,168,Male,25 to 29 years
60640,ZCTA5 60640,B01001I_009,619,198,Male,25 to 29 years
60649,ZCTA5 60649,B01001I_009,132,137,Male,25 to 29 years
60655,ZCTA5 60655,B01001I_009,81,55,Male,25 to 29 years
60661,ZCTA5 60661,B01001I_009,91,82,Male,25 to 29 years
60610,ZCTA5 60610,B01001I_009,140,89,Male,25 to 29 years
60622,ZCTA5 60622,B01001I_009,773,235,Male,25 to 29 years
60660,ZCTA5 60660,B01001I_009,404,152,Male,25 to 29 years
60602,ZCTA5 60602,B01001I_009,0,11,Male,25 to 29 years
60657,ZCTA5 60657,B01001I_009,444,203,Male,25 to 29 years
60654,ZCTA5 60654,B01001I_009,235,220,Male,25 to 29 years
60659,ZCTA5 60659,B01001I_009,433,196,Male,25 to 29 years
60603,ZCTA5 60603,B01001I_009,0,11,Male,25 to 29 years
60642,ZCTA5 60642,B01001I_009,236,105,Male,25 to 29 years
60656,ZCTA5 60656,B01001I_009,242,115,Male,25 to 29 years
60611,ZCTA5 60611,B01001I_009,215,124,Male,25 to 29 years
60616,ZCTA5 60616,B01001I_009,274,187,Male,25 to 29 years
60651,ZCTA5 60651,B01001I_009,842,190,Male,25 to 29 years
60604,ZCTA5 60604,B01001I_009,0,11,Male,25 to 29 years
60612,ZCTA5 60612,B01001I_009,233,94,Male,25 to 29 years
60613,ZCTA5 60613,B01001I_009,525,202,Male,25 to 29 years
60617,ZCTA5 60617,B01001I_009,1102,213,Male,25 to 29 years
60618,ZCTA5 60618,B01001I_009,1946,361,Male,25 to 29 years
60624,ZCTA5 60624,B01001I_009,88,54,Male,25 to 29 years
60626,ZCTA5 60626,B01001I_009,471,159,Male,25 to 29 years
60630,ZCTA5 60630,B01001I_009,486,153,Male,25 to 29 years
60632,ZCTA5 60632,B01001I_009,3572,478,Male,25 to 29 years
60645,ZCTA5 60645,B01001I_009,378,209,Male,25 to 29 years
60653,ZCTA5 60653,B01001I_009,54,45,Male,25 to 29 years
60628,ZCTA5 60628,B01001I_010,38,32,Male,30 to 34 years
60641,ZCTA5 60641,B01001I_010,1359,219,Male,30 to 34 years
60607,ZCTA5 60607,B01001I_010,58,36,Male,30 to 34 years
60609,ZCTA5 60609,B01001I_010,1412,250,Male,30 to 34 years
60625,ZCTA5 60625,B01001I_010,1639,321,Male,30 to 34 years
60646,ZCTA5 60646,B01001I_010,179,167,Male,30 to 34 years
60652,ZCTA5 60652,B01001I_010,634,160,Male,30 to 34 years
60614,ZCTA5 60614,B01001I_010,156,68,Male,30 to 34 years
60615,ZCTA5 60615,B01001I_010,149,94,Male,30 to 34 years
60619,ZCTA5 60619,B01001I_010,38,40,Male,30 to 34 years
60621,ZCTA5 60621,B01001I_010,44,45,Male,30 to 34 years
60636,ZCTA5 60636,B01001I_010,99,59,Male,30 to 34 years
60639,ZCTA5 60639,B01001I_010,2609,367,Male,30 to 34 years
60643,ZCTA5 60643,B01001I_010,88,68,Male,30 to 34 years
60647,ZCTA5 60647,B01001I_010,1420,205,Male,30 to 34 years
60631,ZCTA5 60631,B01001I_010,146,111,Male,30 to 34 years
60601,ZCTA5 60601,B01001I_010,37,45,Male,30 to 34 years
60608,ZCTA5 60608,B01001I_010,1800,282,Male,30 to 34 years
60620,ZCTA5 60620,B01001I_010,19,28,Male,30 to 34 years
60634,ZCTA5 60634,B01001I_010,1379,260,Male,30 to 34 years
60637,ZCTA5 60637,B01001I_010,78,50,Male,30 to 34 years
60644,ZCTA5 60644,B01001I_010,49,42,Male,30 to 34 years
60605,ZCTA5 60605,B01001I_010,146,100,Male,30 to 34 years
60606,ZCTA5 60606,B01001I_010,0,11,Male,30 to 34 years
60623,ZCTA5 60623,B01001I_010,2641,342,Male,30 to 34 years
60629,ZCTA5 60629,B01001I_010,3443,378,Male,30 to 34 years
60633,ZCTA5 60633,B01001I_010,313,142,Male,30 to 34 years
60638,ZCTA5 60638,B01001I_010,1377,268,Male,30 to 34 years
60640,ZCTA5 60640,B01001I_010,429,156,Male,30 to 34 years
60649,ZCTA5 60649,B01001I_010,69,74,Male,30 to 34 years
60655,ZCTA5 60655,B01001I_010,81,81,Male,30 to 34 years
60661,ZCTA5 60661,B01001I_010,76,56,Male,30 to 34 years
60610,ZCTA5 60610,B01001I_010,106,90,Male,30 to 34 years
60622,ZCTA5 60622,B01001I_010,627,187,Male,30 to 34 years
60660,ZCTA5 60660,B01001I_010,418,171,Male,30 to 34 years
60602,ZCTA5 60602,B01001I_010,0,11,Male,30 to 34 years
60657,ZCTA5 60657,B01001I_010,411,120,Male,30 to 34 years
60654,ZCTA5 60654,B01001I_010,56,62,Male,30 to 34 years
60659,ZCTA5 60659,B01001I_010,474,226,Male,30 to 34 years
60603,ZCTA5 60603,B01001I_010,0,11,Male,30 to 34 years
60642,ZCTA5 60642,B01001I_010,162,117,Male,30 to 34 years
60656,ZCTA5 60656,B01001I_010,151,113,Male,30 to 34 years
60611,ZCTA5 60611,B01001I_010,146,110,Male,30 to 34 years
60616,ZCTA5 60616,B01001I_010,405,248,Male,30 to 34 years
60651,ZCTA5 60651,B01001I_010,1062,305,Male,30 to 34 years
60604,ZCTA5 60604,B01001I_010,0,11,Male,30 to 34 years
60612,ZCTA5 60612,B01001I_010,181,66,Male,30 to 34 years
60613,ZCTA5 60613,B01001I_010,265,138,Male,30 to 34 years
60617,ZCTA5 60617,B01001I_010,839,176,Male,30 to 34 years
60618,ZCTA5 60618,B01001I_010,2046,355,Male,30 to 34 years
60624,ZCTA5 60624,B01001I_010,33,36,Male,30 to 34 years
60626,ZCTA5 60626,B01001I_010,552,174,Male,30 to 34 years
60630,ZCTA5 60630,B01001I_010,671,182,Male,30 to 34 years
60632,ZCTA5 60632,B01001I_010,2959,381,Male,30 to 34 years
60645,ZCTA5 60645,B01001I_010,468,166,Male,30 to 34 years
60653,ZCTA5 60653,B01001I_010,11,12,Male,30 to 34 years
60628,ZCTA5 60628,B01001I_011,175,65,Male,35 to 44 years
60641,ZCTA5 60641,B01001I_011,2820,330,Male,35 to 44 years
60607,ZCTA5 60607,B01001I_011,206,99,Male,35 to 44 years
60609,ZCTA5 60609,B01001I_011,2134,282,Male,35 to 44 years
60625,ZCTA5 60625,B01001I_011,2269,402,Male,35 to 44 years
60646,ZCTA5 60646,B01001I_011,205,76,Male,35 to 44 years
60652,ZCTA5 60652,B01001I_011,1616,239,Male,35 to 44 years
60614,ZCTA5 60614,B01001I_011,351,133,Male,35 to 44 years
60615,ZCTA5 60615,B01001I_011,190,91,Male,35 to 44 years
60619,ZCTA5 60619,B01001I_011,62,51,Male,35 to 44 years
60621,ZCTA5 60621,B01001I_011,32,30,Male,35 to 44 years
60636,ZCTA5 60636,B01001I_011,200,88,Male,35 to 44 years
60639,ZCTA5 60639,B01001I_011,6044,561,Male,35 to 44 years
60643,ZCTA5 60643,B01001I_011,79,53,Male,35 to 44 years
60647,ZCTA5 60647,B01001I_011,2537,315,Male,35 to 44 years
60631,ZCTA5 60631,B01001I_011,200,114,Male,35 to 44 years
60601,ZCTA5 60601,B01001I_011,109,126,Male,35 to 44 years
60608,ZCTA5 60608,B01001I_011,3475,493,Male,35 to 44 years
60620,ZCTA5 60620,B01001I_011,60,32,Male,35 to 44 years
60634,ZCTA5 60634,B01001I_011,2078,303,Male,35 to 44 years
60637,ZCTA5 60637,B01001I_011,45,35,Male,35 to 44 years
60644,ZCTA5 60644,B01001I_011,244,116,Male,35 to 44 years
60605,ZCTA5 60605,B01001I_011,227,115,Male,35 to 44 years
60606,ZCTA5 60606,B01001I_011,0,11,Male,35 to 44 years
60623,ZCTA5 60623,B01001I_011,4150,454,Male,35 to 44 years
60629,ZCTA5 60629,B01001I_011,6849,580,Male,35 to 44 years
60633,ZCTA5 60633,B01001I_011,455,196,Male,35 to 44 years
60638,ZCTA5 60638,B01001I_011,2785,309,Male,35 to 44 years
60640,ZCTA5 60640,B01001I_011,1062,240,Male,35 to 44 years
60649,ZCTA5 60649,B01001I_011,84,52,Male,35 to 44 years
60655,ZCTA5 60655,B01001I_011,227,89,Male,35 to 44 years
60661,ZCTA5 60661,B01001I_011,124,114,Male,35 to 44 years
60610,ZCTA5 60610,B01001I_011,304,97,Male,35 to 44 years
60622,ZCTA5 60622,B01001I_011,907,185,Male,35 to 44 years
60660,ZCTA5 60660,B01001I_011,780,197,Male,35 to 44 years
60602,ZCTA5 60602,B01001I_011,0,11,Male,35 to 44 years
60657,ZCTA5 60657,B01001I_011,447,156,Male,35 to 44 years
60654,ZCTA5 60654,B01001I_011,92,64,Male,35 to 44 years
60659,ZCTA5 60659,B01001I_011,390,148,Male,35 to 44 years
60603,ZCTA5 60603,B01001I_011,0,11,Male,35 to 44 years
60642,ZCTA5 60642,B01001I_011,323,126,Male,35 to 44 years
60656,ZCTA5 60656,B01001I_011,203,114,Male,35 to 44 years
60611,ZCTA5 60611,B01001I_011,195,125,Male,35 to 44 years
60616,ZCTA5 60616,B01001I_011,296,99,Male,35 to 44 years
60651,ZCTA5 60651,B01001I_011,1943,319,Male,35 to 44 years
60604,ZCTA5 60604,B01001I_011,0,11,Male,35 to 44 years
60612,ZCTA5 60612,B01001I_011,381,116,Male,35 to 44 years
60613,ZCTA5 60613,B01001I_011,457,214,Male,35 to 44 years
60617,ZCTA5 60617,B01001I_011,1921,288,Male,35 to 44 years
60618,ZCTA5 60618,B01001I_011,3123,369,Male,35 to 44 years
60624,ZCTA5 60624,B01001I_011,239,124,Male,35 to 44 years
60626,ZCTA5 60626,B01001I_011,918,243,Male,35 to 44 years
60630,ZCTA5 60630,B01001I_011,1118,233,Male,35 to 44 years
60632,ZCTA5 60632,B01001I_011,5926,517,Male,35 to 44 years
60645,ZCTA5 60645,B01001I_011,398,165,Male,35 to 44 years
60653,ZCTA5 60653,B01001I_011,17,18,Male,35 to 44 years
60628,ZCTA5 60628,B01001I_012,143,70,Male,45 to 54 years
60641,ZCTA5 60641,B01001I_012,2611,321,Male,45 to 54 years
60607,ZCTA5 60607,B01001I_012,56,43,Male,45 to 54 years
60609,ZCTA5 60609,B01001I_012,1892,270,Male,45 to 54 years
60625,ZCTA5 60625,B01001I_012,1531,325,Male,45 to 54 years
60646,ZCTA5 60646,B01001I_012,321,136,Male,45 to 54 years
60652,ZCTA5 60652,B01001I_012,1230,193,Male,45 to 54 years
60614,ZCTA5 60614,B01001I_012,118,67,Male,45 to 54 years
60615,ZCTA5 60615,B01001I_012,136,74,Male,45 to 54 years
60619,ZCTA5 60619,B01001I_012,15,23,Male,45 to 54 years
60621,ZCTA5 60621,B01001I_012,12,19,Male,45 to 54 years
60636,ZCTA5 60636,B01001I_012,187,82,Male,45 to 54 years
60639,ZCTA5 60639,B01001I_012,4391,472,Male,45 to 54 years
60643,ZCTA5 60643,B01001I_012,72,47,Male,45 to 54 years
60647,ZCTA5 60647,B01001I_012,2461,305,Male,45 to 54 years
60631,ZCTA5 60631,B01001I_012,247,121,Male,45 to 54 years
60601,ZCTA5 60601,B01001I_012,106,122,Male,45 to 54 years
60608,ZCTA5 60608,B01001I_012,2257,321,Male,45 to 54 years
60620,ZCTA5 60620,B01001I_012,32,25,Male,45 to 54 years
60634,ZCTA5 60634,B01001I_012,2008,309,Male,45 to 54 years
60637,ZCTA5 60637,B01001I_012,22,23,Male,45 to 54 years
60644,ZCTA5 60644,B01001I_012,254,114,Male,45 to 54 years
60605,ZCTA5 60605,B01001I_012,147,79,Male,45 to 54 years
60606,ZCTA5 60606,B01001I_012,21,32,Male,45 to 54 years
60623,ZCTA5 60623,B01001I_012,3021,313,Male,45 to 54 years
60629,ZCTA5 60629,B01001I_012,4083,421,Male,45 to 54 years
60633,ZCTA5 60633,B01001I_012,536,206,Male,45 to 54 years
60638,ZCTA5 60638,B01001I_012,1559,278,Male,45 to 54 years
60640,ZCTA5 60640,B01001I_012,799,322,Male,45 to 54 years
60649,ZCTA5 60649,B01001I_012,82,74,Male,45 to 54 years
60655,ZCTA5 60655,B01001I_012,111,50,Male,45 to 54 years
60661,ZCTA5 60661,B01001I_012,0,15,Male,45 to 54 years
60610,ZCTA5 60610,B01001I_012,50,44,Male,45 to 54 years
60622,ZCTA5 60622,B01001I_012,645,183,Male,45 to 54 years
60660,ZCTA5 60660,B01001I_012,646,210,Male,45 to 54 years
60602,ZCTA5 60602,B01001I_012,3,5,Male,45 to 54 years
60657,ZCTA5 60657,B01001I_012,231,86,Male,45 to 54 years
60654,ZCTA5 60654,B01001I_012,60,67,Male,45 to 54 years
60659,ZCTA5 60659,B01001I_012,410,184,Male,45 to 54 years
60603,ZCTA5 60603,B01001I_012,0,11,Male,45 to 54 years
60642,ZCTA5 60642,B01001I_012,191,116,Male,45 to 54 years
60656,ZCTA5 60656,B01001I_012,232,101,Male,45 to 54 years
60611,ZCTA5 60611,B01001I_012,72,61,Male,45 to 54 years
60616,ZCTA5 60616,B01001I_012,172,75,Male,45 to 54 years
60651,ZCTA5 60651,B01001I_012,1444,369,Male,45 to 54 years
60604,ZCTA5 60604,B01001I_012,11,11,Male,45 to 54 years
60612,ZCTA5 60612,B01001I_012,332,105,Male,45 to 54 years
60613,ZCTA5 60613,B01001I_012,366,204,Male,45 to 54 years
60617,ZCTA5 60617,B01001I_012,1990,243,Male,45 to 54 years
60618,ZCTA5 60618,B01001I_012,2877,351,Male,45 to 54 years
60624,ZCTA5 60624,B01001I_012,93,67,Male,45 to 54 years
60626,ZCTA5 60626,B01001I_012,818,247,Male,45 to 54 years
60630,ZCTA5 60630,B01001I_012,794,195,Male,45 to 54 years
60632,ZCTA5 60632,B01001I_012,4367,372,Male,45 to 54 years
60645,ZCTA5 60645,B01001I_012,518,162,Male,45 to 54 years
60653,ZCTA5 60653,B01001I_012,27,26,Male,45 to 54 years
60628,ZCTA5 60628,B01001I_013,144,45,Male,55 to 64 years
60641,ZCTA5 60641,B01001I_013,1699,287,Male,55 to 64 years
60607,ZCTA5 60607,B01001I_013,13,20,Male,55 to 64 years
60609,ZCTA5 60609,B01001I_013,1260,174,Male,55 to 64 years
60625,ZCTA5 60625,B01001I_013,1085,211,Male,55 to 64 years
60646,ZCTA5 60646,B01001I_013,72,60,Male,55 to 64 years
60652,ZCTA5 60652,B01001I_013,482,128,Male,55 to 64 years
60614,ZCTA5 60614,B01001I_013,188,79,Male,55 to 64 years
60615,ZCTA5 60615,B01001I_013,38,43,Male,55 to 64 years
60619,ZCTA5 60619,B01001I_013,71,59,Male,55 to 64 years
60621,ZCTA5 60621,B01001I_013,0,20,Male,55 to 64 years
60636,ZCTA5 60636,B01001I_013,47,42,Male,55 to 64 years
60639,ZCTA5 60639,B01001I_013,3512,426,Male,55 to 64 years
60643,ZCTA5 60643,B01001I_013,46,37,Male,55 to 64 years
60647,ZCTA5 60647,B01001I_013,1941,287,Male,55 to 64 years
60631,ZCTA5 60631,B01001I_013,221,101,Male,55 to 64 years
60601,ZCTA5 60601,B01001I_013,0,17,Male,55 to 64 years
60608,ZCTA5 60608,B01001I_013,2058,304,Male,55 to 64 years
60620,ZCTA5 60620,B01001I_013,44,44,Male,55 to 64 years
60634,ZCTA5 60634,B01001I_013,1066,183,Male,55 to 64 years
60637,ZCTA5 60637,B01001I_013,49,32,Male,55 to 64 years
60644,ZCTA5 60644,B01001I_013,80,61,Male,55 to 64 years
60605,ZCTA5 60605,B01001I_013,97,152,Male,55 to 64 years
60606,ZCTA5 60606,B01001I_013,0,11,Male,55 to 64 years
60623,ZCTA5 60623,B01001I_013,2640,364,Male,55 to 64 years
60629,ZCTA5 60629,B01001I_013,2877,346,Male,55 to 64 years
60633,ZCTA5 60633,B01001I_013,194,113,Male,55 to 64 years
60638,ZCTA5 60638,B01001I_013,1267,260,Male,55 to 64 years
60640,ZCTA5 60640,B01001I_013,562,177,Male,55 to 64 years
60649,ZCTA5 60649,B01001I_013,48,52,Male,55 to 64 years
60655,ZCTA5 60655,B01001I_013,140,59,Male,55 to 64 years
60661,ZCTA5 60661,B01001I_013,33,38,Male,55 to 64 years
60610,ZCTA5 60610,B01001I_013,235,203,Male,55 to 64 years
60622,ZCTA5 60622,B01001I_013,489,156,Male,55 to 64 years
60660,ZCTA5 60660,B01001I_013,391,170,Male,55 to 64 years
60602,ZCTA5 60602,B01001I_013,0,11,Male,55 to 64 years
60657,ZCTA5 60657,B01001I_013,105,53,Male,55 to 64 years
60654,ZCTA5 60654,B01001I_013,48,44,Male,55 to 64 years
60659,ZCTA5 60659,B01001I_013,488,170,Male,55 to 64 years
60603,ZCTA5 60603,B01001I_013,29,37,Male,55 to 64 years
60642,ZCTA5 60642,B01001I_013,257,122,Male,55 to 64 years
60656,ZCTA5 60656,B01001I_013,106,62,Male,55 to 64 years
60611,ZCTA5 60611,B01001I_013,36,40,Male,55 to 64 years
60616,ZCTA5 60616,B01001I_013,210,100,Male,55 to 64 years
60651,ZCTA5 60651,B01001I_013,997,239,Male,55 to 64 years
60604,ZCTA5 60604,B01001I_013,0,11,Male,55 to 64 years
60612,ZCTA5 60612,B01001I_013,190,81,Male,55 to 64 years
60613,ZCTA5 60613,B01001I_013,251,146,Male,55 to 64 years
60617,ZCTA5 60617,B01001I_013,1447,198,Male,55 to 64 years
60618,ZCTA5 60618,B01001I_013,1485,294,Male,55 to 64 years
60624,ZCTA5 60624,B01001I_013,9,10,Male,55 to 64 years
60626,ZCTA5 60626,B01001I_013,361,128,Male,55 to 64 years
60630,ZCTA5 60630,B01001I_013,1008,249,Male,55 to 64 years
60632,ZCTA5 60632,B01001I_013,2799,320,Male,55 to 64 years
60645,ZCTA5 60645,B01001I_013,342,123,Male,55 to 64 years
60653,ZCTA5 60653,B01001I_013,71,51,Male,55 to 64 years
60628,ZCTA5 60628,B01001I_014,112,70,Male,65 to 74 years
60641,ZCTA5 60641,B01001I_014,702,172,Male,65 to 74 years
60607,ZCTA5 60607,B01001I_014,26,29,Male,65 to 74 years
60609,ZCTA5 60609,B01001I_014,791,148,Male,65 to 74 years
60625,ZCTA5 60625,B01001I_014,406,124,Male,65 to 74 years
60646,ZCTA5 60646,B01001I_014,42,39,Male,65 to 74 years
60652,ZCTA5 60652,B01001I_014,300,112,Male,65 to 74 years
60614,ZCTA5 60614,B01001I_014,45,39,Male,65 to 74 years
60615,ZCTA5 60615,B01001I_014,58,44,Male,65 to 74 years
60619,ZCTA5 60619,B01001I_014,22,38,Male,65 to 74 years
60621,ZCTA5 60621,B01001I_014,21,29,Male,65 to 74 years
60636,ZCTA5 60636,B01001I_014,80,45,Male,65 to 74 years
60639,ZCTA5 60639,B01001I_014,1348,207,Male,65 to 74 years
60643,ZCTA5 60643,B01001I_014,19,22,Male,65 to 74 years
60647,ZCTA5 60647,B01001I_014,1148,181,Male,65 to 74 years
60631,ZCTA5 60631,B01001I_014,83,88,Male,65 to 74 years
60601,ZCTA5 60601,B01001I_014,0,17,Male,65 to 74 years
60608,ZCTA5 60608,B01001I_014,1319,261,Male,65 to 74 years
60620,ZCTA5 60620,B01001I_014,20,22,Male,65 to 74 years
60634,ZCTA5 60634,B01001I_014,632,158,Male,65 to 74 years
60637,ZCTA5 60637,B01001I_014,2,6,Male,65 to 74 years
60644,ZCTA5 60644,B01001I_014,39,34,Male,65 to 74 years
60605,ZCTA5 60605,B01001I_014,0,20,Male,65 to 74 years
60606,ZCTA5 60606,B01001I_014,0,11,Male,65 to 74 years
60623,ZCTA5 60623,B01001I_014,1192,200,Male,65 to 74 years
60629,ZCTA5 60629,B01001I_014,1781,268,Male,65 to 74 years
60633,ZCTA5 60633,B01001I_014,98,70,Male,65 to 74 years
60638,ZCTA5 60638,B01001I_014,500,163,Male,65 to 74 years
60640,ZCTA5 60640,B01001I_014,136,65,Male,65 to 74 years
60649,ZCTA5 60649,B01001I_014,0,23,Male,65 to 74 years
60655,ZCTA5 60655,B01001I_014,89,64,Male,65 to 74 years
60661,ZCTA5 60661,B01001I_014,0,15,Male,65 to 74 years
60610,ZCTA5 60610,B01001I_014,25,35,Male,65 to 74 years
60622,ZCTA5 60622,B01001I_014,443,128,Male,65 to 74 years
60660,ZCTA5 60660,B01001I_014,314,112,Male,65 to 74 years
60602,ZCTA5 60602,B01001I_014,0,11,Male,65 to 74 years
60657,ZCTA5 60657,B01001I_014,207,94,Male,65 to 74 years
60654,ZCTA5 60654,B01001I_014,0,17,Male,65 to 74 years
60659,ZCTA5 60659,B01001I_014,104,59,Male,65 to 74 years
60603,ZCTA5 60603,B01001I_014,0,11,Male,65 to 74 years
60642,ZCTA5 60642,B01001I_014,181,88,Male,65 to 74 years
60656,ZCTA5 60656,B01001I_014,141,75,Male,65 to 74 years
60611,ZCTA5 60611,B01001I_014,0,23,Male,65 to 74 years
60616,ZCTA5 60616,B01001I_014,137,104,Male,65 to 74 years
60651,ZCTA5 60651,B01001I_014,422,119,Male,65 to 74 years
60604,ZCTA5 60604,B01001I_014,0,11,Male,65 to 74 years
60612,ZCTA5 60612,B01001I_014,91,36,Male,65 to 74 years
60613,ZCTA5 60613,B01001I_014,159,97,Male,65 to 74 years
60617,ZCTA5 60617,B01001I_014,916,185,Male,65 to 74 years
60618,ZCTA5 60618,B01001I_014,724,148,Male,65 to 74 years
60624,ZCTA5 60624,B01001I_014,14,15,Male,65 to 74 years
60626,ZCTA5 60626,B01001I_014,114,63,Male,65 to 74 years
60630,ZCTA5 60630,B01001I_014,372,134,Male,65 to 74 years
60632,ZCTA5 60632,B01001I_014,1619,230,Male,65 to 74 years
60645,ZCTA5 60645,B01001I_014,124,97,Male,65 to 74 years
60653,ZCTA5 60653,B01001I_014,8,13,Male,65 to 74 years
60628,ZCTA5 60628,B01001I_015,41,31,Male,75 to 84 years
60641,ZCTA5 60641,B01001I_015,344,104,Male,75 to 84 years
60607,ZCTA5 60607,B01001I_015,8,12,Male,75 to 84 years
60609,ZCTA5 60609,B01001I_015,336,99,Male,75 to 84 years
60625,ZCTA5 60625,B01001I_015,126,66,Male,75 to 84 years
60646,ZCTA5 60646,B01001I_015,48,40,Male,75 to 84 years
60652,ZCTA5 60652,B01001I_015,112,57,Male,75 to 84 years
60614,ZCTA5 60614,B01001I_015,74,67,Male,75 to 84 years
60615,ZCTA5 60615,B01001I_015,17,27,Male,75 to 84 years
60619,ZCTA5 60619,B01001I_015,0,26,Male,75 to 84 years
60621,ZCTA5 60621,B01001I_015,0,20,Male,75 to 84 years
60636,ZCTA5 60636,B01001I_015,1,4,Male,75 to 84 years
60639,ZCTA5 60639,B01001I_015,471,126,Male,75 to 84 years
60643,ZCTA5 60643,B01001I_015,34,63,Male,75 to 84 years
60647,ZCTA5 60647,B01001I_015,563,171,Male,75 to 84 years
60631,ZCTA5 60631,B01001I_015,13,22,Male,75 to 84 years
60601,ZCTA5 60601,B01001I_015,0,17,Male,75 to 84 years
60608,ZCTA5 60608,B01001I_015,417,140,Male,75 to 84 years
60620,ZCTA5 60620,B01001I_015,0,26,Male,75 to 84 years
60634,ZCTA5 60634,B01001I_015,205,120,Male,75 to 84 years
60637,ZCTA5 60637,B01001I_015,0,23,Male,75 to 84 years
60644,ZCTA5 60644,B01001I_015,32,43,Male,75 to 84 years
60605,ZCTA5 60605,B01001I_015,0,20,Male,75 to 84 years
60606,ZCTA5 60606,B01001I_015,0,11,Male,75 to 84 years
60623,ZCTA5 60623,B01001I_015,748,128,Male,75 to 84 years
60629,ZCTA5 60629,B01001I_015,506,156,Male,75 to 84 years
60633,ZCTA5 60633,B01001I_015,109,62,Male,75 to 84 years
60638,ZCTA5 60638,B01001I_015,131,62,Male,75 to 84 years
60640,ZCTA5 60640,B01001I_015,44,42,Male,75 to 84 years
60649,ZCTA5 60649,B01001I_015,0,23,Male,75 to 84 years
60655,ZCTA5 60655,B01001I_015,15,21,Male,75 to 84 years
60661,ZCTA5 60661,B01001I_015,0,15,Male,75 to 84 years
60610,ZCTA5 60610,B01001I_015,0,23,Male,75 to 84 years
60622,ZCTA5 60622,B01001I_015,248,95,Male,75 to 84 years
60660,ZCTA5 60660,B01001I_015,83,48,Male,75 to 84 years
60602,ZCTA5 60602,B01001I_015,0,11,Male,75 to 84 years
60657,ZCTA5 60657,B01001I_015,13,14,Male,75 to 84 years
60654,ZCTA5 60654,B01001I_015,0,17,Male,75 to 84 years
60659,ZCTA5 60659,B01001I_015,109,63,Male,75 to 84 years
60603,ZCTA5 60603,B01001I_015,0,11,Male,75 to 84 years
60642,ZCTA5 60642,B01001I_015,0,20,Male,75 to 84 years
60656,ZCTA5 60656,B01001I_015,27,31,Male,75 to 84 years
60611,ZCTA5 60611,B01001I_015,54,73,Male,75 to 84 years
60616,ZCTA5 60616,B01001I_015,65,46,Male,75 to 84 years
60651,ZCTA5 60651,B01001I_015,246,104,Male,75 to 84 years
60604,ZCTA5 60604,B01001I_015,0,11,Male,75 to 84 years
60612,ZCTA5 60612,B01001I_015,40,36,Male,75 to 84 years
60613,ZCTA5 60613,B01001I_015,56,38,Male,75 to 84 years
60617,ZCTA5 60617,B01001I_015,530,135,Male,75 to 84 years
60618,ZCTA5 60618,B01001I_015,347,152,Male,75 to 84 years
60624,ZCTA5 60624,B01001I_015,0,23,Male,75 to 84 years
60626,ZCTA5 60626,B01001I_015,44,38,Male,75 to 84 years
60630,ZCTA5 60630,B01001I_015,91,51,Male,75 to 84 years
60632,ZCTA5 60632,B01001I_015,858,152,Male,75 to 84 years
60645,ZCTA5 60645,B01001I_015,29,38,Male,75 to 84 years
60653,ZCTA5 60653,B01001I_015,0,23,Male,75 to 84 years
60628,ZCTA5 60628,B01001I_016,25,25,Male,85 years and over
60641,ZCTA5 60641,B01001I_016,29,30,Male,85 years and over
60607,ZCTA5 60607,B01001I_016,0,20,Male,85 years and over
60609,ZCTA5 60609,B01001I_016,99,50,Male,85 years and over
60625,ZCTA5 60625,B01001I_016,58,46,Male,85 years and over
60646,ZCTA5 60646,B01001I_016,0,20,Male,85 years and over
60652,ZCTA5 60652,B01001I_016,30,30,Male,85 years and over
60614,ZCTA5 60614,B01001I_016,22,23,Male,85 years and over
60615,ZCTA5 60615,B01001I_016,6,11,Male,85 years and over
60619,ZCTA5 60619,B01001I_016,0,26,Male,85 years and over
60621,ZCTA5 60621,B01001I_016,0,20,Male,85 years and over
60636,ZCTA5 60636,B01001I_016,0,23,Male,85 years and over
60639,ZCTA5 60639,B01001I_016,80,43,Male,85 years and over
60643,ZCTA5 60643,B01001I_016,5,8,Male,85 years and over
60647,ZCTA5 60647,B01001I_016,82,52,Male,85 years and over
60631,ZCTA5 60631,B01001I_016,0,20,Male,85 years and over
60601,ZCTA5 60601,B01001I_016,0,17,Male,85 years and over
60608,ZCTA5 60608,B01001I_016,200,103,Male,85 years and over
60620,ZCTA5 60620,B01001I_016,0,26,Male,85 years and over
60634,ZCTA5 60634,B01001I_016,35,42,Male,85 years and over
60637,ZCTA5 60637,B01001I_016,5,8,Male,85 years and over
60644,ZCTA5 60644,B01001I_016,0,23,Male,85 years and over
60605,ZCTA5 60605,B01001I_016,0,20,Male,85 years and over
60606,ZCTA5 60606,B01001I_016,0,11,Male,85 years and over
60623,ZCTA5 60623,B01001I_016,143,72,Male,85 years and over
60629,ZCTA5 60629,B01001I_016,105,70,Male,85 years and over
60633,ZCTA5 60633,B01001I_016,15,19,Male,85 years and over
60638,ZCTA5 60638,B01001I_016,100,61,Male,85 years and over
60640,ZCTA5 60640,B01001I_016,10,15,Male,85 years and over
60649,ZCTA5 60649,B01001I_016,0,23,Male,85 years and over
60655,ZCTA5 60655,B01001I_016,0,20,Male,85 years and over
60661,ZCTA5 60661,B01001I_016,0,15,Male,85 years and over
60610,ZCTA5 60610,B01001I_016,0,23,Male,85 years and over
60622,ZCTA5 60622,B01001I_016,129,66,Male,85 years and over
60660,ZCTA5 60660,B01001I_016,18,23,Male,85 years and over
60602,ZCTA5 60602,B01001I_016,0,11,Male,85 years and over
60657,ZCTA5 60657,B01001I_016,0,26,Male,85 years and over
60654,ZCTA5 60654,B01001I_016,0,17,Male,85 years and over
60659,ZCTA5 60659,B01001I_016,6,8,Male,85 years and over
60603,ZCTA5 60603,B01001I_016,0,11,Male,85 years and over
60642,ZCTA5 60642,B01001I_016,26,9,Male,85 years and over
60656,ZCTA5 60656,B01001I_016,0,20,Male,85 years and over
60611,ZCTA5 60611,B01001I_016,35,39,Male,85 years and over
60616,ZCTA5 60616,B01001I_016,32,33,Male,85 years and over
60651,ZCTA5 60651,B01001I_016,29,36,Male,85 years and over
60604,ZCTA5 60604,B01001I_016,0,11,Male,85 years and over
60612,ZCTA5 60612,B01001I_016,8,12,Male,85 years and over
60613,ZCTA5 60613,B01001I_016,8,13,Male,85 years and over
60617,ZCTA5 60617,B01001I_016,102,57,Male,85 years and over
60618,ZCTA5 60618,B01001I_016,67,46,Male,85 years and over
60624,ZCTA5 60624,B01001I_016,0,23,Male,85 years and over
60626,ZCTA5 60626,B01001I_016,6,12,Male,85 years and over
60630,ZCTA5 60630,B01001I_016,158,104,Male,85 years and over
60632,ZCTA5 60632,B01001I_016,192,97,Male,85 years and over
60645,ZCTA5 60645,B01001I_016,4,9,Male,85 years and over
60653,ZCTA5 60653,B01001I_016,0,23,Male,85 years and over
60628,ZCTA5 60628,B01001I_018,116,57,Female,Under 5 years
60641,ZCTA5 60641,B01001I_018,1434,247,Female,Under 5 years
60607,ZCTA5 60607,B01001I_018,55,48,Female,Under 5 years
60609,ZCTA5 60609,B01001I_018,1661,275,Female,Under 5 years
60625,ZCTA5 60625,B01001I_018,1051,347,Female,Under 5 years
60646,ZCTA5 60646,B01001I_018,262,142,Female,Under 5 years
60652,ZCTA5 60652,B01001I_018,612,184,Female,Under 5 years
60614,ZCTA5 60614,B01001I_018,120,65,Female,Under 5 years
60615,ZCTA5 60615,B01001I_018,40,34,Female,Under 5 years
60619,ZCTA5 60619,B01001I_018,0,26,Female,Under 5 years
60621,ZCTA5 60621,B01001I_018,112,94,Female,Under 5 years
60636,ZCTA5 60636,B01001I_018,175,85,Female,Under 5 years
60639,ZCTA5 60639,B01001I_018,2923,424,Female,Under 5 years
60643,ZCTA5 60643,B01001I_018,229,170,Female,Under 5 years
60647,ZCTA5 60647,B01001I_018,966,207,Female,Under 5 years
60631,ZCTA5 60631,B01001I_018,258,110,Female,Under 5 years
60601,ZCTA5 60601,B01001I_018,55,94,Female,Under 5 years
60608,ZCTA5 60608,B01001I_018,1112,231,Female,Under 5 years
60620,ZCTA5 60620,B01001I_018,66,69,Female,Under 5 years
60634,ZCTA5 60634,B01001I_018,1160,254,Female,Under 5 years
60637,ZCTA5 60637,B01001I_018,0,23,Female,Under 5 years
60644,ZCTA5 60644,B01001I_018,144,77,Female,Under 5 years
60605,ZCTA5 60605,B01001I_018,0,20,Female,Under 5 years
60606,ZCTA5 60606,B01001I_018,0,11,Female,Under 5 years
60623,ZCTA5 60623,B01001I_018,2437,321,Female,Under 5 years
60629,ZCTA5 60629,B01001I_018,3757,468,Female,Under 5 years
60633,ZCTA5 60633,B01001I_018,333,146,Female,Under 5 years
60638,ZCTA5 60638,B01001I_018,1190,227,Female,Under 5 years
60640,ZCTA5 60640,B01001I_018,262,109,Female,Under 5 years
60649,ZCTA5 60649,B01001I_018,11,17,Female,Under 5 years
60655,ZCTA5 60655,B01001I_018,144,115,Female,Under 5 years
60661,ZCTA5 60661,B01001I_018,0,15,Female,Under 5 years
60610,ZCTA5 60610,B01001I_018,257,197,Female,Under 5 years
60622,ZCTA5 60622,B01001I_018,381,147,Female,Under 5 years
60660,ZCTA5 60660,B01001I_018,184,130,Female,Under 5 years
60602,ZCTA5 60602,B01001I_018,0,11,Female,Under 5 years
60657,ZCTA5 60657,B01001I_018,112,70,Female,Under 5 years
60654,ZCTA5 60654,B01001I_018,15,26,Female,Under 5 years
60659,ZCTA5 60659,B01001I_018,277,133,Female,Under 5 years
60603,ZCTA5 60603,B01001I_018,0,11,Female,Under 5 years
60642,ZCTA5 60642,B01001I_018,54,45,Female,Under 5 years
60656,ZCTA5 60656,B01001I_018,178,135,Female,Under 5 years
60611,ZCTA5 60611,B01001I_018,48,58,Female,Under 5 years
60616,ZCTA5 60616,B01001I_018,111,64,Female,Under 5 years
60651,ZCTA5 60651,B01001I_018,1388,288,Female,Under 5 years
60604,ZCTA5 60604,B01001I_018,0,11,Female,Under 5 years
60612,ZCTA5 60612,B01001I_018,140,75,Female,Under 5 years
60613,ZCTA5 60613,B01001I_018,97,49,Female,Under 5 years
60617,ZCTA5 60617,B01001I_018,1185,277,Female,Under 5 years
60618,ZCTA5 60618,B01001I_018,1272,272,Female,Under 5 years
60624,ZCTA5 60624,B01001I_018,78,76,Female,Under 5 years
60626,ZCTA5 60626,B01001I_018,340,167,Female,Under 5 years
60630,ZCTA5 60630,B01001I_018,711,200,Female,Under 5 years
60632,ZCTA5 60632,B01001I_018,3168,390,Female,Under 5 years
60645,ZCTA5 60645,B01001I_018,475,185,Female,Under 5 years
60653,ZCTA5 60653,B01001I_018,5,9,Female,Under 5 years
60628,ZCTA5 60628,B01001I_019,65,42,Female,5 to 9 years
60641,ZCTA5 60641,B01001I_019,1531,250,Female,5 to 9 years
60607,ZCTA5 60607,B01001I_019,111,92,Female,5 to 9 years
60609,ZCTA5 60609,B01001I_019,1638,222,Female,5 to 9 years
60625,ZCTA5 60625,B01001I_019,921,230,Female,5 to 9 years
60646,ZCTA5 60646,B01001I_019,209,153,Female,5 to 9 years
60652,ZCTA5 60652,B01001I_019,1097,240,Female,5 to 9 years
60614,ZCTA5 60614,B01001I_019,45,50,Female,5 to 9 years
60615,ZCTA5 60615,B01001I_019,104,58,Female,5 to 9 years
60619,ZCTA5 60619,B01001I_019,26,38,Female,5 to 9 years
60621,ZCTA5 60621,B01001I_019,131,83,Female,5 to 9 years
60636,ZCTA5 60636,B01001I_019,39,32,Female,5 to 9 years
60639,ZCTA5 60639,B01001I_019,2962,401,Female,5 to 9 years
60643,ZCTA5 60643,B01001I_019,44,47,Female,5 to 9 years
60647,ZCTA5 60647,B01001I_019,1332,216,Female,5 to 9 years
60631,ZCTA5 60631,B01001I_019,211,129,Female,5 to 9 years
60601,ZCTA5 60601,B01001I_019,0,17,Female,5 to 9 years
60608,ZCTA5 60608,B01001I_019,1624,352,Female,5 to 9 years
60620,ZCTA5 60620,B01001I_019,66,53,Female,5 to 9 years
60634,ZCTA5 60634,B01001I_019,1441,299,Female,5 to 9 years
60637,ZCTA5 60637,B01001I_019,41,42,Female,5 to 9 years
60644,ZCTA5 60644,B01001I_019,186,106,Female,5 to 9 years
60605,ZCTA5 60605,B01001I_019,0,20,Female,5 to 9 years
60606,ZCTA5 60606,B01001I_019,0,11,Female,5 to 9 years
60623,ZCTA5 60623,B01001I_019,2595,400,Female,5 to 9 years
60629,ZCTA5 60629,B01001I_019,3671,447,Female,5 to 9 years
60633,ZCTA5 60633,B01001I_019,105,75,Female,5 to 9 years
60638,ZCTA5 60638,B01001I_019,1516,298,Female,5 to 9 years
60640,ZCTA5 60640,B01001I_019,127,76,Female,5 to 9 years
60649,ZCTA5 60649,B01001I_019,15,19,Female,5 to 9 years
60655,ZCTA5 60655,B01001I_019,136,76,Female,5 to 9 years
60661,ZCTA5 60661,B01001I_019,0,15,Female,5 to 9 years
60610,ZCTA5 60610,B01001I_019,35,41,Female,5 to 9 years
60622,ZCTA5 60622,B01001I_019,244,94,Female,5 to 9 years
60660,ZCTA5 60660,B01001I_019,67,64,Female,5 to 9 years
60602,ZCTA5 60602,B01001I_019,0,11,Female,5 to 9 years
60657,ZCTA5 60657,B01001I_019,95,62,Female,5 to 9 years
60654,ZCTA5 60654,B01001I_019,14,24,Female,5 to 9 years
60659,ZCTA5 60659,B01001I_019,454,191,Female,5 to 9 years
60603,ZCTA5 60603,B01001I_019,21,35,Female,5 to 9 years
60642,ZCTA5 60642,B01001I_019,150,95,Female,5 to 9 years
60656,ZCTA5 60656,B01001I_019,103,83,Female,5 to 9 years
60611,ZCTA5 60611,B01001I_019,0,23,Female,5 to 9 years
60616,ZCTA5 60616,B01001I_019,65,55,Female,5 to 9 years
60651,ZCTA5 60651,B01001I_019,1221,320,Female,5 to 9 years
60604,ZCTA5 60604,B01001I_019,0,11,Female,5 to 9 years
60612,ZCTA5 60612,B01001I_019,95,62,Female,5 to 9 years
60613,ZCTA5 60613,B01001I_019,74,52,Female,5 to 9 years
60617,ZCTA5 60617,B01001I_019,1443,279,Female,5 to 9 years
60618,ZCTA5 60618,B01001I_019,1568,307,Female,5 to 9 years
60624,ZCTA5 60624,B01001I_019,102,98,Female,5 to 9 years
60626,ZCTA5 60626,B01001I_019,420,165,Female,5 to 9 years
60630,ZCTA5 60630,B01001I_019,673,221,Female,5 to 9 years
60632,ZCTA5 60632,B01001I_019,3159,395,Female,5 to 9 years
60645,ZCTA5 60645,B01001I_019,417,168,Female,5 to 9 years
60653,ZCTA5 60653,B01001I_019,9,14,Female,5 to 9 years
60628,ZCTA5 60628,B01001I_020,51,33,Female,10 to 14 years
60641,ZCTA5 60641,B01001I_020,1587,274,Female,10 to 14 years
60607,ZCTA5 60607,B01001I_020,10,13,Female,10 to 14 years
60609,ZCTA5 60609,B01001I_020,1445,238,Female,10 to 14 years
60625,ZCTA5 60625,B01001I_020,986,256,Female,10 to 14 years
60646,ZCTA5 60646,B01001I_020,199,117,Female,10 to 14 years
60652,ZCTA5 60652,B01001I_020,1171,237,Female,10 to 14 years
60614,ZCTA5 60614,B01001I_020,79,56,Female,10 to 14 years
60615,ZCTA5 60615,B01001I_020,57,42,Female,10 to 14 years
60619,ZCTA5 60619,B01001I_020,9,10,Female,10 to 14 years
60621,ZCTA5 60621,B01001I_020,89,71,Female,10 to 14 years
60636,ZCTA5 60636,B01001I_020,168,74,Female,10 to 14 years
60639,ZCTA5 60639,B01001I_020,2765,353,Female,10 to 14 years
60643,ZCTA5 60643,B01001I_020,82,72,Female,10 to 14 years
60647,ZCTA5 60647,B01001I_020,1265,215,Female,10 to 14 years
60631,ZCTA5 60631,B01001I_020,211,137,Female,10 to 14 years
60601,ZCTA5 60601,B01001I_020,0,17,Female,10 to 14 years
60608,ZCTA5 60608,B01001I_020,1290,268,Female,10 to 14 years
60620,ZCTA5 60620,B01001I_020,42,38,Female,10 to 14 years
60634,ZCTA5 60634,B01001I_020,1259,245,Female,10 to 14 years
60637,ZCTA5 60637,B01001I_020,63,69,Female,10 to 14 years
60644,ZCTA5 60644,B01001I_020,83,64,Female,10 to 14 years
60605,ZCTA5 60605,B01001I_020,30,36,Female,10 to 14 years
60606,ZCTA5 60606,B01001I_020,0,11,Female,10 to 14 years
60623,ZCTA5 60623,B01001I_020,2592,389,Female,10 to 14 years
60629,ZCTA5 60629,B01001I_020,3581,475,Female,10 to 14 years
60633,ZCTA5 60633,B01001I_020,102,86,Female,10 to 14 years
60638,ZCTA5 60638,B01001I_020,1866,390,Female,10 to 14 years
60640,ZCTA5 60640,B01001I_020,373,148,Female,10 to 14 years
60649,ZCTA5 60649,B01001I_020,17,28,Female,10 to 14 years
60655,ZCTA5 60655,B01001I_020,77,47,Female,10 to 14 years
60661,ZCTA5 60661,B01001I_020,0,15,Female,10 to 14 years
60610,ZCTA5 60610,B01001I_020,11,18,Female,10 to 14 years
60622,ZCTA5 60622,B01001I_020,330,185,Female,10 to 14 years
60660,ZCTA5 60660,B01001I_020,210,132,Female,10 to 14 years
60602,ZCTA5 60602,B01001I_020,0,11,Female,10 to 14 years
60657,ZCTA5 60657,B01001I_020,71,46,Female,10 to 14 years
60654,ZCTA5 60654,B01001I_020,0,17,Female,10 to 14 years
60659,ZCTA5 60659,B01001I_020,264,127,Female,10 to 14 years
60603,ZCTA5 60603,B01001I_020,0,11,Female,10 to 14 years
60642,ZCTA5 60642,B01001I_020,138,107,Female,10 to 14 years
60656,ZCTA5 60656,B01001I_020,139,113,Female,10 to 14 years
60611,ZCTA5 60611,B01001I_020,0,23,Female,10 to 14 years
60616,ZCTA5 60616,B01001I_020,95,55,Female,10 to 14 years
60651,ZCTA5 60651,B01001I_020,1123,220,Female,10 to 14 years
60604,ZCTA5 60604,B01001I_020,0,11,Female,10 to 14 years
60612,ZCTA5 60612,B01001I_020,131,67,Female,10 to 14 years
60613,ZCTA5 60613,B01001I_020,43,32,Female,10 to 14 years
60617,ZCTA5 60617,B01001I_020,1554,294,Female,10 to 14 years
60618,ZCTA5 60618,B01001I_020,1626,319,Female,10 to 14 years
60624,ZCTA5 60624,B01001I_020,50,60,Female,10 to 14 years
60626,ZCTA5 60626,B01001I_020,339,129,Female,10 to 14 years
60630,ZCTA5 60630,B01001I_020,734,204,Female,10 to 14 years
60632,ZCTA5 60632,B01001I_020,3468,334,Female,10 to 14 years
60645,ZCTA5 60645,B01001I_020,359,155,Female,10 to 14 years
60653,ZCTA5 60653,B01001I_020,41,24,Female,10 to 14 years
60628,ZCTA5 60628,B01001I_021,54,41,Female,15 to 17 years
60641,ZCTA5 60641,B01001I_021,902,203,Female,15 to 17 years
60607,ZCTA5 60607,B01001I_021,16,16,Female,15 to 17 years
60609,ZCTA5 60609,B01001I_021,620,177,Female,15 to 17 years
60625,ZCTA5 60625,B01001I_021,386,122,Female,15 to 17 years
60646,ZCTA5 60646,B01001I_021,60,51,Female,15 to 17 years
60652,ZCTA5 60652,B01001I_021,398,110,Female,15 to 17 years
60614,ZCTA5 60614,B01001I_021,90,64,Female,15 to 17 years
60615,ZCTA5 60615,B01001I_021,37,40,Female,15 to 17 years
60619,ZCTA5 60619,B01001I_021,33,40,Female,15 to 17 years
60621,ZCTA5 60621,B01001I_021,11,18,Female,15 to 17 years
60636,ZCTA5 60636,B01001I_021,52,39,Female,15 to 17 years
60639,ZCTA5 60639,B01001I_021,1815,269,Female,15 to 17 years
60643,ZCTA5 60643,B01001I_021,11,16,Female,15 to 17 years
60647,ZCTA5 60647,B01001I_021,957,223,Female,15 to 17 years
60631,ZCTA5 60631,B01001I_021,26,30,Female,15 to 17 years
60601,ZCTA5 60601,B01001I_021,0,17,Female,15 to 17 years
60608,ZCTA5 60608,B01001I_021,855,186,Female,15 to 17 years
60620,ZCTA5 60620,B01001I_021,7,10,Female,15 to 17 years
60634,ZCTA5 60634,B01001I_021,706,179,Female,15 to 17 years
60637,ZCTA5 60637,B01001I_021,9,17,Female,15 to 17 years
60644,ZCTA5 60644,B01001I_021,130,84,Female,15 to 17 years
60605,ZCTA5 60605,B01001I_021,0,20,Female,15 to 17 years
60606,ZCTA5 60606,B01001I_021,0,11,Female,15 to 17 years
60623,ZCTA5 60623,B01001I_021,1472,298,Female,15 to 17 years
60629,ZCTA5 60629,B01001I_021,2290,338,Female,15 to 17 years
60633,ZCTA5 60633,B01001I_021,108,59,Female,15 to 17 years
60638,ZCTA5 60638,B01001I_021,755,197,Female,15 to 17 years
60640,ZCTA5 60640,B01001I_021,225,130,Female,15 to 17 years
60649,ZCTA5 60649,B01001I_021,29,47,Female,15 to 17 years
60655,ZCTA5 60655,B01001I_021,52,41,Female,15 to 17 years
60661,ZCTA5 60661,B01001I_021,0,15,Female,15 to 17 years
60610,ZCTA5 60610,B01001I_021,6,9,Female,15 to 17 years
60622,ZCTA5 60622,B01001I_021,256,121,Female,15 to 17 years
60660,ZCTA5 60660,B01001I_021,48,47,Female,15 to 17 years
60602,ZCTA5 60602,B01001I_021,0,11,Female,15 to 17 years
60657,ZCTA5 60657,B01001I_021,4,8,Female,15 to 17 years
60654,ZCTA5 60654,B01001I_021,0,17,Female,15 to 17 years
60659,ZCTA5 60659,B01001I_021,129,76,Female,15 to 17 years
60603,ZCTA5 60603,B01001I_021,0,11,Female,15 to 17 years
60642,ZCTA5 60642,B01001I_021,37,32,Female,15 to 17 years
60656,ZCTA5 60656,B01001I_021,39,28,Female,15 to 17 years
60611,ZCTA5 60611,B01001I_021,0,23,Female,15 to 17 years
60616,ZCTA5 60616,B01001I_021,114,77,Female,15 to 17 years
60651,ZCTA5 60651,B01001I_021,769,213,Female,15 to 17 years
60604,ZCTA5 60604,B01001I_021,0,11,Female,15 to 17 years
60612,ZCTA5 60612,B01001I_021,46,30,Female,15 to 17 years
60613,ZCTA5 60613,B01001I_021,125,158,Female,15 to 17 years
60617,ZCTA5 60617,B01001I_021,925,192,Female,15 to 17 years
60618,ZCTA5 60618,B01001I_021,765,207,Female,15 to 17 years
60624,ZCTA5 60624,B01001I_021,18,27,Female,15 to 17 years
60626,ZCTA5 60626,B01001I_021,216,136,Female,15 to 17 years
60630,ZCTA5 60630,B01001I_021,324,136,Female,15 to 17 years
60632,ZCTA5 60632,B01001I_021,2239,341,Female,15 to 17 years
60645,ZCTA5 60645,B01001I_021,178,149,Female,15 to 17 years
60653,ZCTA5 60653,B01001I_021,0,23,Female,15 to 17 years
60628,ZCTA5 60628,B01001I_022,43,38,Female,18 and 19 years
60641,ZCTA5 60641,B01001I_022,656,161,Female,18 and 19 years
60607,ZCTA5 60607,B01001I_022,210,79,Female,18 and 19 years
60609,ZCTA5 60609,B01001I_022,663,171,Female,18 and 19 years
60625,ZCTA5 60625,B01001I_022,332,112,Female,18 and 19 years
60646,ZCTA5 60646,B01001I_022,57,48,Female,18 and 19 years
60652,ZCTA5 60652,B01001I_022,289,110,Female,18 and 19 years
60614,ZCTA5 60614,B01001I_022,184,77,Female,18 and 19 years
60615,ZCTA5 60615,B01001I_022,56,51,Female,18 and 19 years
60619,ZCTA5 60619,B01001I_022,0,26,Female,18 and 19 years
60621,ZCTA5 60621,B01001I_022,13,19,Female,18 and 19 years
60636,ZCTA5 60636,B01001I_022,0,23,Female,18 and 19 years
60639,ZCTA5 60639,B01001I_022,1112,213,Female,18 and 19 years
60643,ZCTA5 60643,B01001I_022,0,23,Female,18 and 19 years
60647,ZCTA5 60647,B01001I_022,496,154,Female,18 and 19 years
60631,ZCTA5 60631,B01001I_022,57,47,Female,18 and 19 years
60601,ZCTA5 60601,B01001I_022,97,88,Female,18 and 19 years
60608,ZCTA5 60608,B01001I_022,482,150,Female,18 and 19 years
60620,ZCTA5 60620,B01001I_022,9,15,Female,18 and 19 years
60634,ZCTA5 60634,B01001I_022,583,174,Female,18 and 19 years
60637,ZCTA5 60637,B01001I_022,67,52,Female,18 and 19 years
60644,ZCTA5 60644,B01001I_022,77,61,Female,18 and 19 years
60605,ZCTA5 60605,B01001I_022,16,23,Female,18 and 19 years
60606,ZCTA5 60606,B01001I_022,0,11,Female,18 and 19 years
60623,ZCTA5 60623,B01001I_022,906,210,Female,18 and 19 years
60629,ZCTA5 60629,B01001I_022,1368,288,Female,18 and 19 years
60633,ZCTA5 60633,B01001I_022,77,78,Female,18 and 19 years
60638,ZCTA5 60638,B01001I_022,343,129,Female,18 and 19 years
60640,ZCTA5 60640,B01001I_022,74,53,Female,18 and 19 years
60649,ZCTA5 60649,B01001I_022,0,23,Female,18 and 19 years
60655,ZCTA5 60655,B01001I_022,60,30,Female,18 and 19 years
60661,ZCTA5 60661,B01001I_022,15,15,Female,18 and 19 years
60610,ZCTA5 60610,B01001I_022,74,72,Female,18 and 19 years
60622,ZCTA5 60622,B01001I_022,183,130,Female,18 and 19 years
60660,ZCTA5 60660,B01001I_022,174,79,Female,18 and 19 years
60602,ZCTA5 60602,B01001I_022,2,4,Female,18 and 19 years
60657,ZCTA5 60657,B01001I_022,22,21,Female,18 and 19 years
60654,ZCTA5 60654,B01001I_022,0,17,Female,18 and 19 years
60659,ZCTA5 60659,B01001I_022,159,100,Female,18 and 19 years
60603,ZCTA5 60603,B01001I_022,11,16,Female,18 and 19 years
60642,ZCTA5 60642,B01001I_022,24,24,Female,18 and 19 years
60656,ZCTA5 60656,B01001I_022,24,26,Female,18 and 19 years
60611,ZCTA5 60611,B01001I_022,11,22,Female,18 and 19 years
60616,ZCTA5 60616,B01001I_022,104,74,Female,18 and 19 years
60651,ZCTA5 60651,B01001I_022,355,124,Female,18 and 19 years
60604,ZCTA5 60604,B01001I_022,0,11,Female,18 and 19 years
60612,ZCTA5 60612,B01001I_022,112,63,Female,18 and 19 years
60613,ZCTA5 60613,B01001I_022,0,26,Female,18 and 19 years
60617,ZCTA5 60617,B01001I_022,525,135,Female,18 and 19 years
60618,ZCTA5 60618,B01001I_022,527,167,Female,18 and 19 years
60624,ZCTA5 60624,B01001I_022,62,73,Female,18 and 19 years
60626,ZCTA5 60626,B01001I_022,343,125,Female,18 and 19 years
60630,ZCTA5 60630,B01001I_022,270,118,Female,18 and 19 years
60632,ZCTA5 60632,B01001I_022,1310,207,Female,18 and 19 years
60645,ZCTA5 60645,B01001I_022,145,85,Female,18 and 19 years
60653,ZCTA5 60653,B01001I_022,0,23,Female,18 and 19 years
60628,ZCTA5 60628,B01001I_023,71,55,Female,20 to 24 years
60641,ZCTA5 60641,B01001I_023,1616,248,Female,20 to 24 years
60607,ZCTA5 60607,B01001I_023,354,161,Female,20 to 24 years
60609,ZCTA5 60609,B01001I_023,1398,229,Female,20 to 24 years
60625,ZCTA5 60625,B01001I_023,1249,275,Female,20 to 24 years
60646,ZCTA5 60646,B01001I_023,161,98,Female,20 to 24 years
60652,ZCTA5 60652,B01001I_023,812,217,Female,20 to 24 years
60614,ZCTA5 60614,B01001I_023,194,73,Female,20 to 24 years
60615,ZCTA5 60615,B01001I_023,305,122,Female,20 to 24 years
60619,ZCTA5 60619,B01001I_023,14,21,Female,20 to 24 years
60621,ZCTA5 60621,B01001I_023,26,29,Female,20 to 24 years
60636,ZCTA5 60636,B01001I_023,51,35,Female,20 to 24 years
60639,ZCTA5 60639,B01001I_023,2913,434,Female,20 to 24 years
60643,ZCTA5 60643,B01001I_023,9,14,Female,20 to 24 years
60647,ZCTA5 60647,B01001I_023,1627,279,Female,20 to 24 years
60631,ZCTA5 60631,B01001I_023,0,20,Female,20 to 24 years
60601,ZCTA5 60601,B01001I_023,35,25,Female,20 to 24 years
60608,ZCTA5 60608,B01001I_023,1381,249,Female,20 to 24 years
60620,ZCTA5 60620,B01001I_023,59,60,Female,20 to 24 years
60634,ZCTA5 60634,B01001I_023,1082,234,Female,20 to 24 years
60637,ZCTA5 60637,B01001I_023,91,42,Female,20 to 24 years
60644,ZCTA5 60644,B01001I_023,69,68,Female,20 to 24 years
60605,ZCTA5 60605,B01001I_023,143,86,Female,20 to 24 years
60606,ZCTA5 60606,B01001I_023,0,11,Female,20 to 24 years
60623,ZCTA5 60623,B01001I_023,2325,331,Female,20 to 24 years
60629,ZCTA5 60629,B01001I_023,3160,370,Female,20 to 24 years
60633,ZCTA5 60633,B01001I_023,198,87,Female,20 to 24 years
60638,ZCTA5 60638,B01001I_023,832,235,Female,20 to 24 years
60640,ZCTA5 60640,B01001I_023,269,113,Female,20 to 24 years
60649,ZCTA5 60649,B01001I_023,72,62,Female,20 to 24 years
60655,ZCTA5 60655,B01001I_023,171,79,Female,20 to 24 years
60661,ZCTA5 60661,B01001I_023,0,15,Female,20 to 24 years
60610,ZCTA5 60610,B01001I_023,108,89,Female,20 to 24 years
60622,ZCTA5 60622,B01001I_023,362,140,Female,20 to 24 years
60660,ZCTA5 60660,B01001I_023,263,102,Female,20 to 24 years
60602,ZCTA5 60602,B01001I_023,0,11,Female,20 to 24 years
60657,ZCTA5 60657,B01001I_023,289,128,Female,20 to 24 years
60654,ZCTA5 60654,B01001I_023,32,36,Female,20 to 24 years
60659,ZCTA5 60659,B01001I_023,349,164,Female,20 to 24 years
60603,ZCTA5 60603,B01001I_023,0,11,Female,20 to 24 years
60642,ZCTA5 60642,B01001I_023,185,89,Female,20 to 24 years
60656,ZCTA5 60656,B01001I_023,141,69,Female,20 to 24 years
60611,ZCTA5 60611,B01001I_023,60,50,Female,20 to 24 years
60616,ZCTA5 60616,B01001I_023,191,110,Female,20 to 24 years
60651,ZCTA5 60651,B01001I_023,1228,296,Female,20 to 24 years
60604,ZCTA5 60604,B01001I_023,0,11,Female,20 to 24 years
60612,ZCTA5 60612,B01001I_023,255,134,Female,20 to 24 years
60613,ZCTA5 60613,B01001I_023,335,171,Female,20 to 24 years
60617,ZCTA5 60617,B01001I_023,1044,191,Female,20 to 24 years
60618,ZCTA5 60618,B01001I_023,1191,229,Female,20 to 24 years
60624,ZCTA5 60624,B01001I_023,10,15,Female,20 to 24 years
60626,ZCTA5 60626,B01001I_023,453,161,Female,20 to 24 years
60630,ZCTA5 60630,B01001I_023,471,180,Female,20 to 24 years
60632,ZCTA5 60632,B01001I_023,3233,359,Female,20 to 24 years
60645,ZCTA5 60645,B01001I_023,386,219,Female,20 to 24 years
60653,ZCTA5 60653,B01001I_023,0,23,Female,20 to 24 years
60628,ZCTA5 60628,B01001I_024,112,56,Female,25 to 29 years
60641,ZCTA5 60641,B01001I_024,1690,224,Female,25 to 29 years
60607,ZCTA5 60607,B01001I_024,135,56,Female,25 to 29 years
60609,ZCTA5 60609,B01001I_024,1471,219,Female,25 to 29 years
60625,ZCTA5 60625,B01001I_024,1032,241,Female,25 to 29 years
60646,ZCTA5 60646,B01001I_024,189,155,Female,25 to 29 years
60652,ZCTA5 60652,B01001I_024,450,133,Female,25 to 29 years
60614,ZCTA5 60614,B01001I_024,395,135,Female,25 to 29 years
60615,ZCTA5 60615,B01001I_024,163,98,Female,25 to 29 years
60619,ZCTA5 60619,B01001I_024,0,26,Female,25 to 29 years
60621,ZCTA5 60621,B01001I_024,20,32,Female,25 to 29 years
60636,ZCTA5 60636,B01001I_024,93,52,Female,25 to 29 years
60639,ZCTA5 60639,B01001I_024,2414,369,Female,25 to 29 years
60643,ZCTA5 60643,B01001I_024,4,7,Female,25 to 29 years
60647,ZCTA5 60647,B01001I_024,1794,269,Female,25 to 29 years
60631,ZCTA5 60631,B01001I_024,178,110,Female,25 to 29 years
60601,ZCTA5 60601,B01001I_024,1,3,Female,25 to 29 years
60608,ZCTA5 60608,B01001I_024,1918,332,Female,25 to 29 years
60620,ZCTA5 60620,B01001I_024,35,25,Female,25 to 29 years
60634,ZCTA5 60634,B01001I_024,1180,263,Female,25 to 29 years
60637,ZCTA5 60637,B01001I_024,67,39,Female,25 to 29 years
60644,ZCTA5 60644,B01001I_024,188,88,Female,25 to 29 years
60605,ZCTA5 60605,B01001I_024,133,93,Female,25 to 29 years
60606,ZCTA5 60606,B01001I_024,41,47,Female,25 to 29 years
60623,ZCTA5 60623,B01001I_024,2134,285,Female,25 to 29 years
60629,ZCTA5 60629,B01001I_024,3321,412,Female,25 to 29 years
60633,ZCTA5 60633,B01001I_024,204,121,Female,25 to 29 years
60638,ZCTA5 60638,B01001I_024,1048,200,Female,25 to 29 years
60640,ZCTA5 60640,B01001I_024,400,154,Female,25 to 29 years
60649,ZCTA5 60649,B01001I_024,83,121,Female,25 to 29 years
60655,ZCTA5 60655,B01001I_024,47,44,Female,25 to 29 years
60661,ZCTA5 60661,B01001I_024,155,94,Female,25 to 29 years
60610,ZCTA5 60610,B01001I_024,210,118,Female,25 to 29 years
60622,ZCTA5 60622,B01001I_024,593,183,Female,25 to 29 years
60660,ZCTA5 60660,B01001I_024,317,152,Female,25 to 29 years
60602,ZCTA5 60602,B01001I_024,20,34,Female,25 to 29 years
60657,ZCTA5 60657,B01001I_024,518,140,Female,25 to 29 years
60654,ZCTA5 60654,B01001I_024,76,54,Female,25 to 29 years
60659,ZCTA5 60659,B01001I_024,354,149,Female,25 to 29 years
60603,ZCTA5 60603,B01001I_024,0,11,Female,25 to 29 years
60642,ZCTA5 60642,B01001I_024,156,88,Female,25 to 29 years
60656,ZCTA5 60656,B01001I_024,143,86,Female,25 to 29 years
60611,ZCTA5 60611,B01001I_024,65,54,Female,25 to 29 years
60616,ZCTA5 60616,B01001I_024,123,61,Female,25 to 29 years
60651,ZCTA5 60651,B01001I_024,881,226,Female,25 to 29 years
60604,ZCTA5 60604,B01001I_024,7,11,Female,25 to 29 years
60612,ZCTA5 60612,B01001I_024,219,79,Female,25 to 29 years
60613,ZCTA5 60613,B01001I_024,447,155,Female,25 to 29 years
60617,ZCTA5 60617,B01001I_024,1130,261,Female,25 to 29 years
60618,ZCTA5 60618,B01001I_024,1525,291,Female,25 to 29 years
60624,ZCTA5 60624,B01001I_024,11,20,Female,25 to 29 years
60626,ZCTA5 60626,B01001I_024,450,167,Female,25 to 29 years
60630,ZCTA5 60630,B01001I_024,698,216,Female,25 to 29 years
60632,ZCTA5 60632,B01001I_024,3097,411,Female,25 to 29 years
60645,ZCTA5 60645,B01001I_024,245,142,Female,25 to 29 years
60653,ZCTA5 60653,B01001I_024,48,42,Female,25 to 29 years
60628,ZCTA5 60628,B01001I_025,61,41,Female,30 to 34 years
60641,ZCTA5 60641,B01001I_025,1481,248,Female,30 to 34 years
60607,ZCTA5 60607,B01001I_025,116,86,Female,30 to 34 years
60609,ZCTA5 60609,B01001I_025,1144,180,Female,30 to 34 years
60625,ZCTA5 60625,B01001I_025,1139,245,Female,30 to 34 years
60646,ZCTA5 60646,B01001I_025,251,129,Female,30 to 34 years
60652,ZCTA5 60652,B01001I_025,634,172,Female,30 to 34 years
60614,ZCTA5 60614,B01001I_025,195,84,Female,30 to 34 years
60615,ZCTA5 60615,B01001I_025,109,54,Female,30 to 34 years
60619,ZCTA5 60619,B01001I_025,14,21,Female,30 to 34 years
60621,ZCTA5 60621,B01001I_025,27,31,Female,30 to 34 years
60636,ZCTA5 60636,B01001I_025,122,66,Female,30 to 34 years
60639,ZCTA5 60639,B01001I_025,2735,388,Female,30 to 34 years
60643,ZCTA5 60643,B01001I_025,134,76,Female,30 to 34 years
60647,ZCTA5 60647,B01001I_025,1532,249,Female,30 to 34 years
60631,ZCTA5 60631,B01001I_025,68,47,Female,30 to 34 years
60601,ZCTA5 60601,B01001I_025,0,17,Female,30 to 34 years
60608,ZCTA5 60608,B01001I_025,1888,306,Female,30 to 34 years
60620,ZCTA5 60620,B01001I_025,39,28,Female,30 to 34 years
60634,ZCTA5 60634,B01001I_025,1288,233,Female,30 to 34 years
60637,ZCTA5 60637,B01001I_025,72,42,Female,30 to 34 years
60644,ZCTA5 60644,B01001I_025,58,52,Female,30 to 34 years
60605,ZCTA5 60605,B01001I_025,54,59,Female,30 to 34 years
60606,ZCTA5 60606,B01001I_025,0,11,Female,30 to 34 years
60623,ZCTA5 60623,B01001I_025,1876,318,Female,30 to 34 years
60629,ZCTA5 60629,B01001I_025,3025,365,Female,30 to 34 years
60633,ZCTA5 60633,B01001I_025,188,105,Female,30 to 34 years
60638,ZCTA5 60638,B01001I_025,1574,360,Female,30 to 34 years
60640,ZCTA5 60640,B01001I_025,334,165,Female,30 to 34 years
60649,ZCTA5 60649,B01001I_025,96,94,Female,30 to 34 years
60655,ZCTA5 60655,B01001I_025,23,28,Female,30 to 34 years
60661,ZCTA5 60661,B01001I_025,45,51,Female,30 to 34 years
60610,ZCTA5 60610,B01001I_025,113,82,Female,30 to 34 years
60622,ZCTA5 60622,B01001I_025,483,165,Female,30 to 34 years
60660,ZCTA5 60660,B01001I_025,450,158,Female,30 to 34 years
60602,ZCTA5 60602,B01001I_025,0,11,Female,30 to 34 years
60657,ZCTA5 60657,B01001I_025,383,139,Female,30 to 34 years
60654,ZCTA5 60654,B01001I_025,70,89,Female,30 to 34 years
60659,ZCTA5 60659,B01001I_025,413,146,Female,30 to 34 years
60603,ZCTA5 60603,B01001I_025,6,9,Female,30 to 34 years
60642,ZCTA5 60642,B01001I_025,323,125,Female,30 to 34 years
60656,ZCTA5 60656,B01001I_025,150,102,Female,30 to 34 years
60611,ZCTA5 60611,B01001I_025,180,117,Female,30 to 34 years
60616,ZCTA5 60616,B01001I_025,204,90,Female,30 to 34 years
60651,ZCTA5 60651,B01001I_025,1016,331,Female,30 to 34 years
60604,ZCTA5 60604,B01001I_025,0,11,Female,30 to 34 years
60612,ZCTA5 60612,B01001I_025,193,92,Female,30 to 34 years
60613,ZCTA5 60613,B01001I_025,285,134,Female,30 to 34 years
60617,ZCTA5 60617,B01001I_025,1000,210,Female,30 to 34 years
60618,ZCTA5 60618,B01001I_025,1489,296,Female,30 to 34 years
60624,ZCTA5 60624,B01001I_025,193,112,Female,30 to 34 years
60626,ZCTA5 60626,B01001I_025,522,196,Female,30 to 34 years
60630,ZCTA5 60630,B01001I_025,627,118,Female,30 to 34 years
60632,ZCTA5 60632,B01001I_025,2707,340,Female,30 to 34 years
60645,ZCTA5 60645,B01001I_025,236,121,Female,30 to 34 years
60653,ZCTA5 60653,B01001I_025,49,37,Female,30 to 34 years
60628,ZCTA5 60628,B01001I_026,142,56,Female,35 to 44 years
60641,ZCTA5 60641,B01001I_026,2666,318,Female,35 to 44 years
60607,ZCTA5 60607,B01001I_026,215,106,Female,35 to 44 years
60609,ZCTA5 60609,B01001I_026,1931,236,Female,35 to 44 years
60625,ZCTA5 60625,B01001I_026,2015,294,Female,35 to 44 years
60646,ZCTA5 60646,B01001I_026,313,134,Female,35 to 44 years
60652,ZCTA5 60652,B01001I_026,1583,212,Female,35 to 44 years
60614,ZCTA5 60614,B01001I_026,267,97,Female,35 to 44 years
60615,ZCTA5 60615,B01001I_026,149,65,Female,35 to 44 years
60619,ZCTA5 60619,B01001I_026,135,103,Female,35 to 44 years
60621,ZCTA5 60621,B01001I_026,80,65,Female,35 to 44 years
60636,ZCTA5 60636,B01001I_026,173,68,Female,35 to 44 years
60639,ZCTA5 60639,B01001I_026,5270,454,Female,35 to 44 years
60643,ZCTA5 60643,B01001I_026,112,86,Female,35 to 44 years
60647,ZCTA5 60647,B01001I_026,2695,269,Female,35 to 44 years
60631,ZCTA5 60631,B01001I_026,249,94,Female,35 to 44 years
60601,ZCTA5 60601,B01001I_026,49,83,Female,35 to 44 years
60608,ZCTA5 60608,B01001I_026,2324,325,Female,35 to 44 years
60620,ZCTA5 60620,B01001I_026,47,30,Female,35 to 44 years
60634,ZCTA5 60634,B01001I_026,2164,287,Female,35 to 44 years
60637,ZCTA5 60637,B01001I_026,66,47,Female,35 to 44 years
60644,ZCTA5 60644,B01001I_026,227,92,Female,35 to 44 years
60605,ZCTA5 60605,B01001I_026,45,52,Female,35 to 44 years
60606,ZCTA5 60606,B01001I_026,70,53,Female,35 to 44 years
60623,ZCTA5 60623,B01001I_026,3851,394,Female,35 to 44 years
60629,ZCTA5 60629,B01001I_026,5423,426,Female,35 to 44 years
60633,ZCTA5 60633,B01001I_026,325,142,Female,35 to 44 years
60638,ZCTA5 60638,B01001I_026,2795,332,Female,35 to 44 years
60640,ZCTA5 60640,B01001I_026,878,237,Female,35 to 44 years
60649,ZCTA5 60649,B01001I_026,133,87,Female,35 to 44 years
60655,ZCTA5 60655,B01001I_026,157,71,Female,35 to 44 years
60661,ZCTA5 60661,B01001I_026,38,44,Female,35 to 44 years
60610,ZCTA5 60610,B01001I_026,201,57,Female,35 to 44 years
60622,ZCTA5 60622,B01001I_026,847,210,Female,35 to 44 years
60660,ZCTA5 60660,B01001I_026,503,187,Female,35 to 44 years
60602,ZCTA5 60602,B01001I_026,0,11,Female,35 to 44 years
60657,ZCTA5 60657,B01001I_026,409,179,Female,35 to 44 years
60654,ZCTA5 60654,B01001I_026,160,105,Female,35 to 44 years
60659,ZCTA5 60659,B01001I_026,308,124,Female,35 to 44 years
60603,ZCTA5 60603,B01001I_026,0,11,Female,35 to 44 years
60642,ZCTA5 60642,B01001I_026,301,178,Female,35 to 44 years
60656,ZCTA5 60656,B01001I_026,179,115,Female,35 to 44 years
60611,ZCTA5 60611,B01001I_026,207,178,Female,35 to 44 years
60616,ZCTA5 60616,B01001I_026,342,129,Female,35 to 44 years
60651,ZCTA5 60651,B01001I_026,1926,274,Female,35 to 44 years
60604,ZCTA5 60604,B01001I_026,6,9,Female,35 to 44 years
60612,ZCTA5 60612,B01001I_026,386,113,Female,35 to 44 years
60613,ZCTA5 60613,B01001I_026,506,212,Female,35 to 44 years
60617,ZCTA5 60617,B01001I_026,1828,283,Female,35 to 44 years
60618,ZCTA5 60618,B01001I_026,2601,327,Female,35 to 44 years
60624,ZCTA5 60624,B01001I_026,144,85,Female,35 to 44 years
60626,ZCTA5 60626,B01001I_026,844,231,Female,35 to 44 years
60630,ZCTA5 60630,B01001I_026,1288,271,Female,35 to 44 years
60632,ZCTA5 60632,B01001I_026,5594,450,Female,35 to 44 years
60645,ZCTA5 60645,B01001I_026,536,164,Female,35 to 44 years
60653,ZCTA5 60653,B01001I_026,90,55,Female,35 to 44 years
60628,ZCTA5 60628,B01001I_027,128,74,Female,45 to 54 years
60641,ZCTA5 60641,B01001I_027,2492,251,Female,45 to 54 years
60607,ZCTA5 60607,B01001I_027,76,49,Female,45 to 54 years
60609,ZCTA5 60609,B01001I_027,1889,237,Female,45 to 54 years
60625,ZCTA5 60625,B01001I_027,1181,222,Female,45 to 54 years
60646,ZCTA5 60646,B01001I_027,269,97,Female,45 to 54 years
60652,ZCTA5 60652,B01001I_027,799,160,Female,45 to 54 years
60614,ZCTA5 60614,B01001I_027,133,76,Female,45 to 54 years
60615,ZCTA5 60615,B01001I_027,76,42,Female,45 to 54 years
60619,ZCTA5 60619,B01001I_027,22,24,Female,45 to 54 years
60621,ZCTA5 60621,B01001I_027,14,19,Female,45 to 54 years
60636,ZCTA5 60636,B01001I_027,102,45,Female,45 to 54 years
60639,ZCTA5 60639,B01001I_027,4279,369,Female,45 to 54 years
60643,ZCTA5 60643,B01001I_027,124,98,Female,45 to 54 years
60647,ZCTA5 60647,B01001I_027,2558,308,Female,45 to 54 years
60631,ZCTA5 60631,B01001I_027,176,82,Female,45 to 54 years
60601,ZCTA5 60601,B01001I_027,92,169,Female,45 to 54 years
60608,ZCTA5 60608,B01001I_027,2268,313,Female,45 to 54 years
60620,ZCTA5 60620,B01001I_027,19,23,Female,45 to 54 years
60634,ZCTA5 60634,B01001I_027,1646,256,Female,45 to 54 years
60637,ZCTA5 60637,B01001I_027,59,57,Female,45 to 54 years
60644,ZCTA5 60644,B01001I_027,315,150,Female,45 to 54 years
60605,ZCTA5 60605,B01001I_027,0,20,Female,45 to 54 years
60606,ZCTA5 60606,B01001I_027,0,11,Female,45 to 54 years
60623,ZCTA5 60623,B01001I_027,3186,359,Female,45 to 54 years
60629,ZCTA5 60629,B01001I_027,3973,400,Female,45 to 54 years
60633,ZCTA5 60633,B01001I_027,299,131,Female,45 to 54 years
60638,ZCTA5 60638,B01001I_027,1534,331,Female,45 to 54 years
60640,ZCTA5 60640,B01001I_027,515,168,Female,45 to 54 years
60649,ZCTA5 60649,B01001I_027,39,30,Female,45 to 54 years
60655,ZCTA5 60655,B01001I_027,112,44,Female,45 to 54 years
60661,ZCTA5 60661,B01001I_027,36,49,Female,45 to 54 years
60610,ZCTA5 60610,B01001I_027,172,107,Female,45 to 54 years
60622,ZCTA5 60622,B01001I_027,471,138,Female,45 to 54 years
60660,ZCTA5 60660,B01001I_027,520,215,Female,45 to 54 years
60602,ZCTA5 60602,B01001I_027,46,74,Female,45 to 54 years
60657,ZCTA5 60657,B01001I_027,180,85,Female,45 to 54 years
60654,ZCTA5 60654,B01001I_027,50,49,Female,45 to 54 years
60659,ZCTA5 60659,B01001I_027,537,201,Female,45 to 54 years
60603,ZCTA5 60603,B01001I_027,20,33,Female,45 to 54 years
60642,ZCTA5 60642,B01001I_027,185,108,Female,45 to 54 years
60656,ZCTA5 60656,B01001I_027,232,91,Female,45 to 54 years
60611,ZCTA5 60611,B01001I_027,54,52,Female,45 to 54 years
60616,ZCTA5 60616,B01001I_027,379,178,Female,45 to 54 years
60651,ZCTA5 60651,B01001I_027,1541,278,Female,45 to 54 years
60604,ZCTA5 60604,B01001I_027,5,7,Female,45 to 54 years
60612,ZCTA5 60612,B01001I_027,161,72,Female,45 to 54 years
60613,ZCTA5 60613,B01001I_027,108,74,Female,45 to 54 years
60617,ZCTA5 60617,B01001I_027,1905,278,Female,45 to 54 years
60618,ZCTA5 60618,B01001I_027,2311,350,Female,45 to 54 years
60624,ZCTA5 60624,B01001I_027,80,61,Female,45 to 54 years
60626,ZCTA5 60626,B01001I_027,512,169,Female,45 to 54 years
60630,ZCTA5 60630,B01001I_027,1063,229,Female,45 to 54 years
60632,ZCTA5 60632,B01001I_027,3805,327,Female,45 to 54 years
60645,ZCTA5 60645,B01001I_027,557,215,Female,45 to 54 years
60653,ZCTA5 60653,B01001I_027,29,23,Female,45 to 54 years
60628,ZCTA5 60628,B01001I_028,119,35,Female,55 to 64 years
60641,ZCTA5 60641,B01001I_028,2001,260,Female,55 to 64 years
60607,ZCTA5 60607,B01001I_028,28,31,Female,55 to 64 years
60609,ZCTA5 60609,B01001I_028,1038,190,Female,55 to 64 years
60625,ZCTA5 60625,B01001I_028,1071,238,Female,55 to 64 years
60646,ZCTA5 60646,B01001I_028,127,96,Female,55 to 64 years
60652,ZCTA5 60652,B01001I_028,497,128,Female,55 to 64 years
60614,ZCTA5 60614,B01001I_028,160,84,Female,55 to 64 years
60615,ZCTA5 60615,B01001I_028,29,26,Female,55 to 64 years
60619,ZCTA5 60619,B01001I_028,23,27,Female,55 to 64 years
60621,ZCTA5 60621,B01001I_028,56,45,Female,55 to 64 years
60636,ZCTA5 60636,B01001I_028,54,41,Female,55 to 64 years
60639,ZCTA5 60639,B01001I_028,3199,366,Female,55 to 64 years
60643,ZCTA5 60643,B01001I_028,134,79,Female,55 to 64 years
60647,ZCTA5 60647,B01001I_028,2043,225,Female,55 to 64 years
60631,ZCTA5 60631,B01001I_028,174,82,Female,55 to 64 years
60601,ZCTA5 60601,B01001I_028,0,17,Female,55 to 64 years
60608,ZCTA5 60608,B01001I_028,1856,306,Female,55 to 64 years
60620,ZCTA5 60620,B01001I_028,12,13,Female,55 to 64 years
60634,ZCTA5 60634,B01001I_028,1334,205,Female,55 to 64 years
60637,ZCTA5 60637,B01001I_028,61,43,Female,55 to 64 years
60644,ZCTA5 60644,B01001I_028,79,45,Female,55 to 64 years
60605,ZCTA5 60605,B01001I_028,255,257,Female,55 to 64 years
60606,ZCTA5 60606,B01001I_028,0,11,Female,55 to 64 years
60623,ZCTA5 60623,B01001I_028,2399,250,Female,55 to 64 years
60629,ZCTA5 60629,B01001I_028,2862,342,Female,55 to 64 years
60633,ZCTA5 60633,B01001I_028,294,163,Female,55 to 64 years
60638,ZCTA5 60638,B01001I_028,956,207,Female,55 to 64 years
60640,ZCTA5 60640,B01001I_028,292,124,Female,55 to 64 years
60649,ZCTA5 60649,B01001I_028,123,136,Female,55 to 64 years
60655,ZCTA5 60655,B01001I_028,101,58,Female,55 to 64 years
60661,ZCTA5 60661,B01001I_028,27,45,Female,55 to 64 years
60610,ZCTA5 60610,B01001I_028,82,70,Female,55 to 64 years
60622,ZCTA5 60622,B01001I_028,489,145,Female,55 to 64 years
60660,ZCTA5 60660,B01001I_028,441,185,Female,55 to 64 years
60602,ZCTA5 60602,B01001I_028,0,11,Female,55 to 64 years
60657,ZCTA5 60657,B01001I_028,59,50,Female,55 to 64 years
60654,ZCTA5 60654,B01001I_028,35,39,Female,55 to 64 years
60659,ZCTA5 60659,B01001I_028,342,148,Female,55 to 64 years
60603,ZCTA5 60603,B01001I_028,0,11,Female,55 to 64 years
60642,ZCTA5 60642,B01001I_028,270,96,Female,55 to 64 years
60656,ZCTA5 60656,B01001I_028,95,77,Female,55 to 64 years
60611,ZCTA5 60611,B01001I_028,86,66,Female,55 to 64 years
60616,ZCTA5 60616,B01001I_028,281,113,Female,55 to 64 years
60651,ZCTA5 60651,B01001I_028,1197,237,Female,55 to 64 years
60604,ZCTA5 60604,B01001I_028,0,11,Female,55 to 64 years
60612,ZCTA5 60612,B01001I_028,200,69,Female,55 to 64 years
60613,ZCTA5 60613,B01001I_028,320,132,Female,55 to 64 years
60617,ZCTA5 60617,B01001I_028,1360,203,Female,55 to 64 years
60618,ZCTA5 60618,B01001I_028,1471,264,Female,55 to 64 years
60624,ZCTA5 60624,B01001I_028,4,7,Female,55 to 64 years
60626,ZCTA5 60626,B01001I_028,342,155,Female,55 to 64 years
60630,ZCTA5 60630,B01001I_028,934,230,Female,55 to 64 years
60632,ZCTA5 60632,B01001I_028,2928,341,Female,55 to 64 years
60645,ZCTA5 60645,B01001I_028,331,140,Female,55 to 64 years
60653,ZCTA5 60653,B01001I_028,4,9,Female,55 to 64 years
60628,ZCTA5 60628,B01001I_029,70,39,Female,65 to 74 years
60641,ZCTA5 60641,B01001I_029,934,190,Female,65 to 74 years
60607,ZCTA5 60607,B01001I_029,43,44,Female,65 to 74 years
60609,ZCTA5 60609,B01001I_029,867,162,Female,65 to 74 years
60625,ZCTA5 60625,B01001I_029,437,132,Female,65 to 74 years
60646,ZCTA5 60646,B01001I_029,61,53,Female,65 to 74 years
60652,ZCTA5 60652,B01001I_029,109,60,Female,65 to 74 years
60614,ZCTA5 60614,B01001I_029,83,55,Female,65 to 74 years
60615,ZCTA5 60615,B01001I_029,28,26,Female,65 to 74 years
60619,ZCTA5 60619,B01001I_029,33,41,Female,65 to 74 years
60621,ZCTA5 60621,B01001I_029,0,20,Female,65 to 74 years
60636,ZCTA5 60636,B01001I_029,19,22,Female,65 to 74 years
60639,ZCTA5 60639,B01001I_029,1619,253,Female,65 to 74 years
60643,ZCTA5 60643,B01001I_029,23,28,Female,65 to 74 years
60647,ZCTA5 60647,B01001I_029,1484,202,Female,65 to 74 years
60631,ZCTA5 60631,B01001I_029,48,48,Female,65 to 74 years
60601,ZCTA5 60601,B01001I_029,0,17,Female,65 to 74 years
60608,ZCTA5 60608,B01001I_029,1178,218,Female,65 to 74 years
60620,ZCTA5 60620,B01001I_029,31,32,Female,65 to 74 years
60634,ZCTA5 60634,B01001I_029,668,195,Female,65 to 74 years
60637,ZCTA5 60637,B01001I_029,45,47,Female,65 to 74 years
60644,ZCTA5 60644,B01001I_029,34,37,Female,65 to 74 years
60605,ZCTA5 60605,B01001I_029,0,20,Female,65 to 74 years
60606,ZCTA5 60606,B01001I_029,0,11,Female,65 to 74 years
60623,ZCTA5 60623,B01001I_029,1379,249,Female,65 to 74 years
60629,ZCTA5 60629,B01001I_029,1915,297,Female,65 to 74 years
60633,ZCTA5 60633,B01001I_029,96,61,Female,65 to 74 years
60638,ZCTA5 60638,B01001I_029,602,181,Female,65 to 74 years
60640,ZCTA5 60640,B01001I_029,326,184,Female,65 to 74 years
60649,ZCTA5 60649,B01001I_029,12,23,Female,65 to 74 years
60655,ZCTA5 60655,B01001I_029,56,36,Female,65 to 74 years
60661,ZCTA5 60661,B01001I_029,0,15,Female,65 to 74 years
60610,ZCTA5 60610,B01001I_029,47,60,Female,65 to 74 years
60622,ZCTA5 60622,B01001I_029,375,104,Female,65 to 74 years
60660,ZCTA5 60660,B01001I_029,160,68,Female,65 to 74 years
60602,ZCTA5 60602,B01001I_029,0,11,Female,65 to 74 years
60657,ZCTA5 60657,B01001I_029,79,47,Female,65 to 74 years
60654,ZCTA5 60654,B01001I_029,0,17,Female,65 to 74 years
60659,ZCTA5 60659,B01001I_029,192,96,Female,65 to 74 years
60603,ZCTA5 60603,B01001I_029,0,11,Female,65 to 74 years
60642,ZCTA5 60642,B01001I_029,104,59,Female,65 to 74 years
60656,ZCTA5 60656,B01001I_029,132,68,Female,65 to 74 years
60611,ZCTA5 60611,B01001I_029,37,34,Female,65 to 74 years
60616,ZCTA5 60616,B01001I_029,172,116,Female,65 to 74 years
60651,ZCTA5 60651,B01001I_029,580,142,Female,65 to 74 years
60604,ZCTA5 60604,B01001I_029,0,11,Female,65 to 74 years
60612,ZCTA5 60612,B01001I_029,144,69,Female,65 to 74 years
60613,ZCTA5 60613,B01001I_029,121,67,Female,65 to 74 years
60617,ZCTA5 60617,B01001I_029,1071,211,Female,65 to 74 years
60618,ZCTA5 60618,B01001I_029,1330,260,Female,65 to 74 years
60624,ZCTA5 60624,B01001I_029,78,89,Female,65 to 74 years
60626,ZCTA5 60626,B01001I_029,120,70,Female,65 to 74 years
60630,ZCTA5 60630,B01001I_029,454,151,Female,65 to 74 years
60632,ZCTA5 60632,B01001I_029,1782,226,Female,65 to 74 years
60645,ZCTA5 60645,B01001I_029,131,84,Female,65 to 74 years
60653,ZCTA5 60653,B01001I_029,0,23,Female,65 to 74 years
60628,ZCTA5 60628,B01001I_030,32,18,Female,75 to 84 years
60641,ZCTA5 60641,B01001I_030,451,152,Female,75 to 84 years
60607,ZCTA5 60607,B01001I_030,41,56,Female,75 to 84 years
60609,ZCTA5 60609,B01001I_030,314,85,Female,75 to 84 years
60625,ZCTA5 60625,B01001I_030,300,149,Female,75 to 84 years
60646,ZCTA5 60646,B01001I_030,62,49,Female,75 to 84 years
60652,ZCTA5 60652,B01001I_030,85,58,Female,75 to 84 years
60614,ZCTA5 60614,B01001I_030,97,116,Female,75 to 84 years
60615,ZCTA5 60615,B01001I_030,7,11,Female,75 to 84 years
60619,ZCTA5 60619,B01001I_030,0,26,Female,75 to 84 years
60621,ZCTA5 60621,B01001I_030,23,37,Female,75 to 84 years
60636,ZCTA5 60636,B01001I_030,6,10,Female,75 to 84 years
60639,ZCTA5 60639,B01001I_030,774,180,Female,75 to 84 years
60643,ZCTA5 60643,B01001I_030,15,19,Female,75 to 84 years
60647,ZCTA5 60647,B01001I_030,637,172,Female,75 to 84 years
60631,ZCTA5 60631,B01001I_030,22,27,Female,75 to 84 years
60601,ZCTA5 60601,B01001I_030,321,235,Female,75 to 84 years
60608,ZCTA5 60608,B01001I_030,520,143,Female,75 to 84 years
60620,ZCTA5 60620,B01001I_030,0,26,Female,75 to 84 years
60634,ZCTA5 60634,B01001I_030,188,90,Female,75 to 84 years
60637,ZCTA5 60637,B01001I_030,0,23,Female,75 to 84 years
60644,ZCTA5 60644,B01001I_030,13,20,Female,75 to 84 years
60605,ZCTA5 60605,B01001I_030,0,20,Female,75 to 84 years
60606,ZCTA5 60606,B01001I_030,0,11,Female,75 to 84 years
60623,ZCTA5 60623,B01001I_030,670,163,Female,75 to 84 years
60629,ZCTA5 60629,B01001I_030,499,143,Female,75 to 84 years
60633,ZCTA5 60633,B01001I_030,146,79,Female,75 to 84 years
60638,ZCTA5 60638,B01001I_030,148,72,Female,75 to 84 years
60640,ZCTA5 60640,B01001I_030,207,158,Female,75 to 84 years
60649,ZCTA5 60649,B01001I_030,0,23,Female,75 to 84 years
60655,ZCTA5 60655,B01001I_030,0,20,Female,75 to 84 years
60661,ZCTA5 60661,B01001I_030,0,15,Female,75 to 84 years
60610,ZCTA5 60610,B01001I_030,0,23,Female,75 to 84 years
60622,ZCTA5 60622,B01001I_030,287,108,Female,75 to 84 years
60660,ZCTA5 60660,B01001I_030,171,106,Female,75 to 84 years
60602,ZCTA5 60602,B01001I_030,0,11,Female,75 to 84 years
60657,ZCTA5 60657,B01001I_030,41,30,Female,75 to 84 years
60654,ZCTA5 60654,B01001I_030,19,30,Female,75 to 84 years
60659,ZCTA5 60659,B01001I_030,31,32,Female,75 to 84 years
60603,ZCTA5 60603,B01001I_030,0,11,Female,75 to 84 years
60642,ZCTA5 60642,B01001I_030,224,123,Female,75 to 84 years
60656,ZCTA5 60656,B01001I_030,121,121,Female,75 to 84 years
60611,ZCTA5 60611,B01001I_030,55,50,Female,75 to 84 years
60616,ZCTA5 60616,B01001I_030,114,76,Female,75 to 84 years
60651,ZCTA5 60651,B01001I_030,260,126,Female,75 to 84 years
60604,ZCTA5 60604,B01001I_030,0,11,Female,75 to 84 years
60612,ZCTA5 60612,B01001I_030,77,52,Female,75 to 84 years
60613,ZCTA5 60613,B01001I_030,94,75,Female,75 to 84 years
60617,ZCTA5 60617,B01001I_030,582,168,Female,75 to 84 years
60618,ZCTA5 60618,B01001I_030,500,189,Female,75 to 84 years
60624,ZCTA5 60624,B01001I_030,20,33,Female,75 to 84 years
60626,ZCTA5 60626,B01001I_030,58,44,Female,75 to 84 years
60630,ZCTA5 60630,B01001I_030,161,80,Female,75 to 84 years
60632,ZCTA5 60632,B01001I_030,573,133,Female,75 to 84 years
60645,ZCTA5 60645,B01001I_030,244,167,Female,75 to 84 years
60653,ZCTA5 60653,B01001I_030,0,23,Female,75 to 84 years
60628,ZCTA5 60628,B01001I_031,36,33,Female,85 years and over
60641,ZCTA5 60641,B01001I_031,107,73,Female,85 years and over
60607,ZCTA5 60607,B01001I_031,6,14,Female,85 years and over
60609,ZCTA5 60609,B01001I_031,23,18,Female,85 years and over
60625,ZCTA5 60625,B01001I_031,76,63,Female,85 years and over
60646,ZCTA5 60646,B01001I_031,0,20,Female,85 years and over
60652,ZCTA5 60652,B01001I_031,52,48,Female,85 years and over
60614,ZCTA5 60614,B01001I_031,4,9,Female,85 years and over
60615,ZCTA5 60615,B01001I_031,0,23,Female,85 years and over
60619,ZCTA5 60619,B01001I_031,0,26,Female,85 years and over
60621,ZCTA5 60621,B01001I_031,4,8,Female,85 years and over
60636,ZCTA5 60636,B01001I_031,10,15,Female,85 years and over
60639,ZCTA5 60639,B01001I_031,121,82,Female,85 years and over
60643,ZCTA5 60643,B01001I_031,7,12,Female,85 years and over
60647,ZCTA5 60647,B01001I_031,185,74,Female,85 years and over
60631,ZCTA5 60631,B01001I_031,6,13,Female,85 years and over
60601,ZCTA5 60601,B01001I_031,0,17,Female,85 years and over
60608,ZCTA5 60608,B01001I_031,233,122,Female,85 years and over
60620,ZCTA5 60620,B01001I_031,0,26,Female,85 years and over
60634,ZCTA5 60634,B01001I_031,46,42,Female,85 years and over
60637,ZCTA5 60637,B01001I_031,0,23,Female,85 years and over
60644,ZCTA5 60644,B01001I_031,9,18,Female,85 years and over
60605,ZCTA5 60605,B01001I_031,0,20,Female,85 years and over
60606,ZCTA5 60606,B01001I_031,0,11,Female,85 years and over
60623,ZCTA5 60623,B01001I_031,179,86,Female,85 years and over
60629,ZCTA5 60629,B01001I_031,201,91,Female,85 years and over
60633,ZCTA5 60633,B01001I_031,6,10,Female,85 years and over
60638,ZCTA5 60638,B01001I_031,123,87,Female,85 years and over
60640,ZCTA5 60640,B01001I_031,89,53,Female,85 years and over
60649,ZCTA5 60649,B01001I_031,5,12,Female,85 years and over
60655,ZCTA5 60655,B01001I_031,0,20,Female,85 years and over
60661,ZCTA5 60661,B01001I_031,0,15,Female,85 years and over
60610,ZCTA5 60610,B01001I_031,17,28,Female,85 years and over
60622,ZCTA5 60622,B01001I_031,102,87,Female,85 years and over
60660,ZCTA5 60660,B01001I_031,91,115,Female,85 years and over
60602,ZCTA5 60602,B01001I_031,0,11,Female,85 years and over
60657,ZCTA5 60657,B01001I_031,0,26,Female,85 years and over
60654,ZCTA5 60654,B01001I_031,0,17,Female,85 years and over
60659,ZCTA5 60659,B01001I_031,47,39,Female,85 years and over
60603,ZCTA5 60603,B01001I_031,0,11,Female,85 years and over
60642,ZCTA5 60642,B01001I_031,0,20,Female,85 years and over
60656,ZCTA5 60656,B01001I_031,59,77,Female,85 years and over
60611,ZCTA5 60611,B01001I_031,8,13,Female,85 years and over
60616,ZCTA5 60616,B01001I_031,39,29,Female,85 years and over
60651,ZCTA5 60651,B01001I_031,35,41,Female,85 years and over
60604,ZCTA5 60604,B01001I_031,0,11,Female,85 years and over
60612,ZCTA5 60612,B01001I_031,14,17,Female,85 years and over
60613,ZCTA5 60613,B01001I_031,21,26,Female,85 years and over
60617,ZCTA5 60617,B01001I_031,408,194,Female,85 years and over
60618,ZCTA5 60618,B01001I_031,172,122,Female,85 years and over
60624,ZCTA5 60624,B01001I_031,0,23,Female,85 years and over
60626,ZCTA5 60626,B01001I_031,33,41,Female,85 years and over
60630,ZCTA5 60630,B01001I_031,14,22,Female,85 years and over
60632,ZCTA5 60632,B01001I_031,222,74,Female,85 years and over
60645,ZCTA5 60645,B01001I_031,47,48,Female,85 years and over
60653,ZCTA5 60653,B01001I_031,8,11,Female,85 years and over
